taxsimid,year,state,fiitax,siitax,fica,frate,srate,ficar,tfica,credits,v10,v11,v12,v13,v14,v15,v16,v17,v18,v19,v20,v21,v22,v23,v24,v25,v26,v27,v28,v29,v30,v31,v32,v33,v34,v35,v36,v37,v38,v39,v40,v41,staxbc,v42,v43,v44,v45
1,2013.0,0.0,1053.75,0.0,3060.0,15.0,0.0,15.3,1530.0,0.0,20000.0,0.0,0.0,6100.0,3900.0,0.0,0.0,0.0,10000.0,1053.75,0.0,0.0,0.0,0.0,0.0,0.0,20000.0,0.0,1053.75,3060.0,20001.01,0.0,0.0,0.0,0.0,0.0,0.0,0.0,0.0,0.0,0.0,0.0,0.0,0.0,0.0,0.0,0.0
2,2013.0,0.0,25493.25,0.0,17723.8,28.0,0.0,2.9,8861.9,0.0,125000.0,0.0,0.0,6100.0,3900.0,0.0,0.0,0.0,115000.0,25493.25,0.0,0.0,0.0,0.0,0.0,0.0,125000.0,0.0,25493.25,17723.8,125001.01,0.0,0.0,0.0,0.0,0.0,0.0,0.0,0.0,0.0,0.0,0.0,0.0,0.0,0.0,0.0,0.0
3,2013.0,0.0,4937.5,0.0,12240.0,15.0,0.0,15.3,6120.0,2000.0,80000.0,0.0,0.0,12200.0,15600.0,0.0,0.0,0.0,52200.0,6937.5,0.0,0.0,2000.0,0.0,0.0,0.0,80000.0,0.0,6937.5,12240.0,80001.01,0.0,0.0,0.0,0.0,0.0,0.0,0.0,0.0,0.0,0.0,0.0,0.0,0.0,0.0,0.0,0.0
4,2013.0,5.0,1053.75,140.06,3060.0,15.0,2.0,15.3,1530.0,0.0,20000.0,0.0,0.0,6100.0,3900.0,0.0,0.0,0.0,10000.0,1053.75,0.0,0.0,0.0,0.0,0.0,0.0,20000.0,0.0,1053.75,3060.0,20001.01,0.0,20000.01,0.0,3906.0,0.0,16094.01,0.0,0.0,0.0,106.0,2.0,0.0,0.0,0.0,0.0,0.0
5,2013.0,5.0,24760.15,8718.22,17723.8,25.4,9.3,2.9,8861.9,0.0,125000.0,0.0,0.0,0.0,3900.0,0.0,0.0,8718.22,112381.78,24760.15,0.0,0.0,0.0,0.0,0.0,0.0,125000.0,0.0,24760.15,17723.8,125001.01,0.0,125000.01,0.0,3906.0,0.0,121094.01,0.0,0.0,0.0,106.0,9.3,0.0,0.0,0.0,0.0,0.0
6,2013.0,5.0,4937.5,1461.74,12240.0,15.0,6.0,15.3,6120.0,2000.0,80000.0,0.0,0.0,12200.0,15600.0,0.0,0.0,0.0,52200.0,6937.5,0.0,0.0,2000.0,0.0,0.0,0.0,80000.0,0.0,6937.5,12240.0,80001.01,0.0,80000.01,0.0,7812.0,0.0,72188.01,0.0,0.0,0.0,864.0,6.0,0.0,0.0,0.0,0.0,0.0
7,2013.0,33.0,1053.75,475.19,3060.0,15.0,5.35,15.3,1530.0,0.0,20000.0,0.0,0.0,6100.0,3900.0,0.0,0.0,0.0,10000.0,1053.75,0.0,0.0,0.0,0.0,0.0,0.0,20000.0,0.0,1053.75,3060.0,20001.01,0.0,20000.01,0.0,7700.0,0.0,12300.01,0.0,0.0,0.0,45.0,5.25,0.0,0.0,0.0,0.0,0.0
8,2013.0,33.0,25090.84,7537.18,17723.8,25.87,7.61,2.9,8861.9,0.0,125000.0,0.0,0.0,0.0,3900.0,0.0,0.0,7537.18,113562.82,25090.84,0.0,0.0,0.0,0.0,0.0,0.0,125000.0,0.0,25090.84,17723.8,125001.01,0.0,125000.01,0.0,7700.0,0.0,117300.01,0.0,0.0,0.0,0.0,6.65,0.0,0.0,0.0,0.0,0.0
9,2013.0,33.0,4937.5,2727.85,12240.0,15.0,6.45,15.3,6120.0,2000.0,80000.0,0.0,0.0,12200.0,15600.0,0.0,0.0,0.0,52200.0,6937.5,0.0,0.0,2000.0,0.0,0.0,0.0,80000.0,0.0,6937.5,12240.0,80001.01,0.0,80000.01,2000.0,15400.0,0.0,62600.01,0.0,0.0,0.0,660.0,6.45,0.0,0.0,0.0,0.0,0.0
10,2013.0,24.0,1053.75,535.0,3060.0,15.0,5.35,15.3,1530.0,0.0,20000.0,0.0,0.0,6100.0,3900.0,0.0,0.0,0.0,10000.0,1053.75,0.0,0.0,0.0,0.0,0.0,0.0,20000.0,0.0,1053.75,3060.0,20001.01,0.0,20000.01,3900.0,6100.0,0.0,10000.01,0.0,0.0,0.0,0.0,5.35,0.0,0.0,0.0,0.0,0.0
11,2013.0,24.0,24781.5,8656.48,17723.8,25.63,8.51,2.9,8861.9,0.0,125000.0,0.0,0.0,0.0,3900.0,0.0,0.0,8641.96,112458.04,24781.5,0.0,0.0,0.0,0.0,0.0,0.0,125000.0,0.0,24781.5,17723.8,125001.01,0.0,125000.01,3900.0,0.0,0.0,123641.97,0.0,0.0,0.0,0.0,7.85,0.0,0.0,0.0,0.0,0.0
12,2013.0,24.0,4937.5,3221.47,12240.0,15.0,7.05,15.3,6120.0,2000.0,80000.0,0.0,0.0,12200.0,15600.0,0.0,0.0,0.0,52200.0,6937.5,0.0,0.0,2000.0,0.0,0.0,0.0,80000.0,0.0,6937.5,12240.0,80001.01,0.0,80000.01,15600.0,10150.0,0.0,54250.01,0.0,0.0,0.0,0.0,7.05,0.0,0.0,0.0,0.0,0.0
13,2018.0,0.0,800.0,0.0,3060.0,10.0,0.0,15.3,1530.0,0.0,20000.0,0.0,0.0,12000.0,0.0,0.0,0.0,0.0,8000.0,800.0,0.0,0.0,0.0,0.0,0.0,0.0,20000.0,0.0,800.0,3060.0,20001.01,0.0,0.0,0.0,0.0,0.0,0.0,0.0,0.0,0.0,0.0,0.0,0.0,0.0,0.0,0.0,0.0
14,2018.0,0.0,21409.5,0.0,19125.0,24.0,0.0,15.3,9562.5,0.0,125000.0,0.0,0.0,12000.0,0.0,0.0,0.0,0.0,113000.0,21409.5,0.0,0.0,0.0,0.0,0.0,0.0,125000.0,0.0,21409.5,19125.0,125001.01,0.0,0.0,0.0,0.0,0.0,0.0,0.0,0.0,0.0,0.0,0.0,0.0,0.0,0.0,0.0,0.0
15,2018.0,0.0,2339.0,0.0,12240.0,12.0,0.0,15.3,6120.0,4000.0,80000.0,0.0,0.0,24000.0,0.0,0.0,0.0,0.0,56000.0,6339.0,0.0,0.0,4000.0,0.0,0.0,0.0,80000.0,0.0,6339.0,12240.0,80001.01,0.0,0.0,0.0,0.0,0.0,0.0,0.0,0.0,0.0,0.0,0.0,0.0,0.0,0.0,0.0,0.0
16,2018.0,5.0,800.0,108.54,3060.0,10.0,2.0,15.3,1530.0,0.0,20000.0,0.0,0.0,12000.0,0.0,0.0,0.0,0.0,8000.0,800.0,0.0,0.0,0.0,0.0,0.0,0.0,20000.0,0.0,800.0,3060.0,20001.01,0.0,20000.01,0.0,4401.0,0.0,15599.01,0.0,0.0,0.0,118.0,2.0,0.0,0.0,0.0,0.0,0.0
17,2018.0,5.0,21409.5,8350.76,19125.0,24.0,9.3,15.3,9562.5,0.0,125000.0,0.0,0.0,12000.0,0.0,0.0,0.0,0.0,113000.0,21409.5,0.0,0.0,0.0,0.0,0.0,0.0,125000.0,0.0,21409.5,19125.0,125001.01,0.0,125000.01,0.0,4401.0,0.0,120599.01,0.0,0.0,0.0,118.0,9.3,0.0,0.0,0.0,0.0,0.0
18,2018.0,5.0,2339.0,1041.75,12240.0,12.0,6.0,15.3,6120.0,4000.0,80000.0,0.0,0.0,24000.0,0.0,0.0,0.0,0.0,56000.0,6339.0,0.0,0.0,4000.0,0.0,0.0,0.0,80000.0,0.0,6339.0,12240.0,80001.01,0.0,80000.01,0.0,8802.0,0.0,71198.01,0.0,0.0,0.0,970.0,6.0,0.0,0.0,0.0,0.0,0.0
19,2018.0,33.0,800.0,454.75,3060.0,10.0,5.35,15.3,1530.0,0.0,20000.0,0.0,0.0,12000.0,0.0,0.0,0.0,0.0,8000.0,800.0,0.0,0.0,0.0,0.0,0.0,0.0,20000.0,0.0,800.0,3060.0,20001.01,0.0,20000.01,0.0,8000.0,0.0,12000.01,0.0,0.0,0.0,45.0,5.25,0.0,0.0,0.0,0.0,0.0
20,2018.0,33.0,21409.5,7356.36,19125.0,24.0,7.58,15.3,9562.5,0.0,125000.0,0.0,0.0,12000.0,0.0,0.0,0.0,0.0,113000.0,21409.5,0.0,0.0,0.0,0.0,0.0,0.0,125000.0,0.0,21409.5,19125.0,125001.01,0.0,125000.01,0.0,8000.0,0.0,117000.01,0.0,0.0,0.0,0.0,6.57,0.0,0.0,0.0,0.0,0.0
21,2018.0,33.0,2339.0,2632.44,12240.0,12.0,6.33,15.3,6120.0,4000.0,80000.0,0.0,0.0,24000.0,0.0,0.0,0.0,0.0,56000.0,6339.0,0.0,0.0,4000.0,0.0,0.0,0.0,80000.0,0.0,6339.0,12240.0,80001.01,0.0,80000.01,2000.0,16050.0,0.0,61950.01,0.0,0.0,0.0,660.0,6.33,0.0,0.0,0.0,0.0,0.0
22,2018.0,24.0,800.0,500.23,3060.0,10.0,5.35,15.3,1530.0,0.0,20000.0,0.0,0.0,12000.0,0.0,0.0,0.0,0.0,8000.0,800.0,0.0,0.0,0.0,0.0,0.0,0.0,20000.0,0.0,800.0,3060.0,20001.01,0.0,20000.01,4150.0,6500.0,500.23,9350.01,0.0,0.0,0.0,0.0,5.35,0.0,0.0,0.0,0.0,0.0
23,2018.0,24.0,21409.5,7856.75,19125.0,24.0,7.85,15.3,9562.5,0.0,125000.0,0.0,0.0,12000.0,0.0,0.0,0.0,0.0,113000.0,21409.5,0.0,0.0,0.0,0.0,0.0,0.0,125000.0,0.0,21409.5,19125.0,125001.01,0.0,125000.01,4150.0,6500.0,6500.0,114350.01,0.0,0.0,0.0,0.0,7.85,0.0,0.0,0.0,0.0,0.0
24,2018.0,24.0,2339.0,2909.63,12240.0,12.0,7.05,15.3,6120.0,4000.0,80000.0,0.0,0.0,24000.0,0.0,0.0,0.0,0.0,56000.0,6339.0,0.0,0.0,4000.0,0.0,0.0,0.0,80000.0,0.0,6339.0,12240.0,80001.01,0.0,80000.01,16600.0,13000.0,2909.63,50400.01,0.0,0.0,0.0,0.0,7.05,0.0,0.0,0.0,0.0,0.0
25,2021.0,0.0,-873.33,0.0,3060.0,25.3,0.0,15.3,1530.0,0.0,20000.0,0.0,0.0,12550.0,0.0,0.0,0.0,0.0,7450.0,745.0,0.0,0.0,0.0,0.0,0.0,218.33,20000.0,0.0,745.0,3060.0,20001.01,0.0,0.0,0.0,0.0,0.0,0.0,0.0,0.0,0.0,0.0,0.0,0.0,0.0,0.0,0.0,1400.0
26,2021.0,0.0,21009.0,0.0,19125.0,24.0,0.0,15.3,9562.5,0.0,125000.0,0.0,0.0,12550.0,0.0,0.0,0.0,0.0,112450.0,21009.0,0.0,0.0,0.0,0.0,0.0,0.0,125000.0,0.0,21009.0,19125.0,125001.01,0.0,0.0,0.0,0.0,0.0,0.0,0.0,0.0,0.0,0.0,0.0,0.0,0.0,0.0,0.0,0.0
27,2021.0,0.0,-6010.0,0.0,12240.0,12.0,0.0,15.3,6120.0,0.0,80000.0,0.0,0.0,25100.0,0.0,0.0,0.0,0.0,54900.0,6190.0,0.0,0.0,6600.0,6600.0,0.0,0.0,80000.0,0.0,6190.0,12240.0,80001.01,0.0,0.0,0.0,0.0,0.0,0.0,0.0,0.0,0.0,0.0,0.0,0.0,0.0,0.0,0.0,5600.0
28,2021.0,5.0,-873.33,-1.71,3060.0,25.3,2.83,15.3,1530.0,0.0,20000.0,0.0,0.0,12550.0,0.0,0.0,0.0,0.0,7450.0,745.0,0.0,0.0,0.0,0.0,0.0,218.33,20000.0,0.0,745.0,3060.0,20001.01,0.0,20000.01,0.0,4803.0,0.0,15197.01,0.0,0.0,83.46,212.46,2.0,0.0,0.0,0.0,0.0,1400.0
29,2021.0,5.0,21009.0,8053.35,19125.0,24.0,9.3,15.3,9562.5,0.0,125000.0,0.0,0.0,12550.0,0.0,0.0,0.0,0.0,112450.0,21009.0,0.0,0.0,0.0,0.0,0.0,0.0,125000.0,0.0,21009.0,19125.0,125001.01,0.0,125000.01,0.0,4803.0,0.0,120197.01,0.0,0.0,0.0,129.0,9.3,0.0,0.0,0.0,0.0,0.0
30,2021.0,5.0,-6010.0,700.62,12240.0,12.0,6.0,15.3,6120.0,0.0,80000.0,0.0,0.0,25100.0,0.0,0.0,0.0,0.0,54900.0,6190.0,0.0,0.0,6600.0,6600.0,0.0,0.0,80000.0,0.0,6190.0,12240.0,80001.01,0.0,80000.01,0.0,9606.0,0.0,70394.01,0.0,0.0,0.0,1058.0,6.0,0.0,0.0,0.0,0.0,5600.0
31,2021.0,33.0,-873.33,454.75,3060.0,25.3,5.35,15.3,1530.0,0.0,20000.0,0.0,0.0,12550.0,0.0,0.0,0.0,0.0,7450.0,745.0,0.0,0.0,0.0,0.0,0.0,218.33,20000.0,0.0,745.0,3060.0,20001.01,0.0,20000.01,0.0,8000.0,0.0,12000.01,0.0,0.0,0.0,45.0,5.25,0.0,0.0,0.0,0.0,1400.0
32,2021.0,33.0,21009.0,7062.67,19125.0,24.0,7.38,15.3,9562.5,0.0,125000.0,0.0,0.0,12550.0,0.0,0.0,0.0,0.0,112450.0,21009.0,0.0,0.0,0.0,0.0,0.0,0.0,125000.0,0.0,21009.0,19125.0,125001.01,0.0,125000.01,0.0,8000.0,0.0,117000.01,0.0,0.0,0.0,0.0,6.33,0.0,0.0,0.0,0.0,0.0
33,2021.0,33.0,-6010.0,2564.22,12240.0,12.0,5.97,15.3,6120.0,0.0,80000.0,0.0,0.0,25100.0,0.0,0.0,0.0,0.0,54900.0,6190.0,0.0,0.0,6600.0,6600.0,0.0,0.0,80000.0,0.0,6190.0,12240.0,80001.01,0.0,80000.01,2000.0,16050.0,0.0,61950.01,0.0,0.0,0.0,660.0,5.97,0.0,0.0,0.0,0.0,5600.0
34,2021.0,24.0,-873.33,334.71,3060.0,25.3,7.35,15.3,1530.0,0.0,20000.0,0.0,0.0,12550.0,0.0,0.0,0.0,0.0,7450.0,745.0,0.0,0.0,0.0,0.0,0.0,218.33,20000.0,0.0,745.0,3060.0,20001.01,0.0,20000.01,0.0,12525.0,0.0,7475.01,0.0,0.0,65.2,65.2,5.35,0.0,0.0,0.0,0.0,1400.0
35,2021.0,24.0,21009.0,7495.31,19125.0,24.0,7.85,15.3,9562.5,0.0,125000.0,0.0,0.0,12550.0,0.0,0.0,0.0,0.0,112450.0,21009.0,0.0,0.0,0.0,0.0,0.0,0.0,125000.0,0.0,21009.0,19125.0,125001.01,0.0,125000.01,0.0,12525.0,0.0,112475.01,0.0,0.0,0.0,0.0,7.85,0.0,0.0,0.0,0.0,0.0
36,2021.0,24.0,-6010.0,2567.78,12240.0,12.0,6.8,15.3,6120.0,0.0,80000.0,0.0,0.0,25100.0,0.0,0.0,0.0,0.0,54900.0,6190.0,0.0,0.0,6600.0,6600.0,0.0,0.0,80000.0,0.0,6190.0,12240.0,80001.01,0.0,80000.01,8700.0,25050.0,0.0,46250.01,0.0,0.0,0.0,0.0,6.8,0.0,0.0,0.0,0.0,5600.0
37,2023.0,0.0,615.0,0.0,3060.0,10.0,0.0,15.3,1530.0,0.0,20000.0,0.0,0.0,13850.0,0.0,0.0,0.0,0.0,6150.0,615.0,0.0,0.0,0.0,0.0,0.0,0.0,20000.0,0.0,615.0,3060.0,20001.01,0.0,0.0,0.0,0.0,0.0,0.0,0.0,0.0,0.0,0.0,0.0,0.0,0.0,0.0,0.0,0.0
38,2023.0,0.0,20076.0,0.0,19125.0,24.0,0.0,15.3,9562.5,0.0,125000.0,0.0,0.0,13850.0,0.0,0.0,0.0,0.0,111150.0,20076.0,0.0,0.0,0.0,0.0,0.0,0.0,125000.0,0.0,20076.0,19125.0,125001.01,0.0,0.0,0.0,0.0,0.0,0.0,0.0,0.0,0.0,0.0,0.0,0.0,0.0,0.0,0.0,0.0
39,2023.0,0.0,1836.0,0.0,12240.0,12.0,0.0,15.3,6120.0,4000.0,80000.0,0.0,0.0,27700.0,0.0,0.0,0.0,0.0,52300.0,5836.0,0.0,0.0,4000.0,0.0,0.0,0.0,80000.0,0.0,5836.0,12240.0,80001.01,0.0,0.0,0.0,0.0,0.0,0.0,0.0,0.0,0.0,0.0,0.0,0.0,0.0,0.0,0.0,0.0
40,2023.0,5.0,615.0,-60.92,3060.0,10.0,2.83,15.3,1530.0,0.0,20000.0,0.0,0.0,13850.0,0.0,0.0,0.0,0.0,6150.0,615.0,0.0,0.0,0.0,0.0,0.0,0.0,20000.0,0.0,615.0,3060.0,20001.01,0.0,18113.83,0.0,4803.0,0.0,13310.83,0.0,0.0,99.21,228.21,2.0,0.0,0.0,0.0,0.0,0.0
41,2023.0,5.0,20076.0,7681.44,19125.0,24.0,9.3,15.3,9562.5,0.0,125000.0,0.0,0.0,13850.0,0.0,0.0,0.0,0.0,111150.0,20076.0,0.0,0.0,0.0,0.0,0.0,0.0,125000.0,0.0,20076.0,19125.0,125001.01,0.0,113211.38,0.0,4803.0,0.0,108408.38,0.0,0.0,0.0,129.0,9.3,0.0,0.0,0.0,0.0,0.0
42,2023.0,5.0,1836.0,425.97,12240.0,12.0,4.0,15.3,6120.0,4000.0,80000.0,0.0,0.0,27700.0,0.0,0.0,0.0,0.0,52300.0,5836.0,0.0,0.0,4000.0,0.0,0.0,0.0,80000.0,0.0,5836.0,12240.0,80001.01,0.0,72455.29,0.0,9606.0,0.0,62849.29,0.0,0.0,0.0,1058.0,4.0,0.0,0.0,0.0,0.0,0.0
43,2023.0,33.0,615.0,405.1,3060.0,10.0,4.54,15.3,1530.0,0.0,20000.0,0.0,0.0,13850.0,0.0,0.0,0.0,0.0,6150.0,615.0,0.0,0.0,0.0,0.0,0.0,0.0,20000.0,0.0,615.0,3060.0,20001.01,0.0,18113.83,0.0,8000.0,0.0,10113.83,0.0,0.0,0.0,45.73,4.5,0.0,0.0,0.0,0.0,0.0
44,2023.0,33.0,20076.0,6837.27,19125.0,24.0,7.38,15.3,9562.5,0.0,125000.0,0.0,0.0,13850.0,0.0,0.0,0.0,0.0,111150.0,20076.0,0.0,0.0,0.0,0.0,0.0,0.0,125000.0,0.0,20076.0,19125.0,125001.01,0.0,113211.38,0.0,8000.0,0.0,105211.38,0.0,0.0,0.0,0.0,6.33,0.0,0.0,0.0,0.0,0.0
45,2023.0,33.0,1836.0,2333.9,12240.0,12.0,5.97,15.3,6120.0,4000.0,80000.0,0.0,0.0,27700.0,0.0,0.0,0.0,0.0,52300.0,5836.0,0.0,0.0,4000.0,0.0,0.0,0.0,80000.0,0.0,5836.0,12240.0,80001.01,0.0,72455.29,2000.0,16050.0,0.0,54405.29,0.0,0.0,0.0,660.0,5.97,0.0,0.0,0.0,0.0,0.0
46,2023.0,24.0,615.0,216.5,3060.0,10.0,7.35,15.3,1530.0,0.0,20000.0,0.0,0.0,13850.0,0.0,0.0,0.0,0.0,6150.0,615.0,0.0,0.0,0.0,0.0,0.0,0.0,20000.0,0.0,615.0,3060.0,20001.01,0.0,18113.83,0.0,12525.0,0.0,5588.83,0.0,0.0,102.92,102.92,5.35,0.0,0.0,0.0,0.0,0.0
47,2023.0,24.0,20076.0,7254.02,19125.0,24.0,7.85,15.3,9562.5,0.0,125000.0,0.0,0.0,13850.0,0.0,0.0,0.0,0.0,111150.0,20076.0,0.0,0.0,0.0,0.0,0.0,0.0,125000.0,0.0,20076.0,19125.0,125001.01,0.0,113211.38,0.0,12525.0,0.0,100686.38,0.0,0.0,0.0,0.0,7.85,0.0,0.0,0.0,0.0,0.0
48,2023.0,24.0,1836.0,2286.36,12240.0,12.0,5.35,15.3,6120.0,4000.0,80000.0,0.0,0.0,27700.0,0.0,0.0,0.0,0.0,52300.0,5836.0,0.0,0.0,4000.0,0.0,0.0,0.0,80000.0,0.0,5836.0,12240.0,80001.01,0.0,72455.29,8700.0,25050.0,0.0,38705.29,0.0,0.0,0.0,0.0,5.35,0.0,0.0,0.0,0.0,0.0
