year,status,dep_tier,threshold,amount
2022,single,0,0.0,0.0
2022,single,0,13446.0,26.0
2022,single,0,13500.0,33.0
2022,single,0,13600.0,40.0
2022,single,0,13700.0,47.0
2022,single,0,13800.0,54.0
2022,single,0,13900.0,61.0
2022,single,0,14000.0,68.0
2022,single,0,14100.0,75.0
2022,single,0,14200.0,82.0
2022,single,0,14300.0,89.0
2022,single,0,14400.0,96.0
2022,single,0,14500.0,103.0
2022,single,0,14600.0,110.0
2022,single,0,14700.0,117.0
2022,single,0,14800.0,124.0
2022,single,0,14900.0,131.0
2022,single,0,15000.0,138.0
2022,single,0,15100.0,145.0
2022,single,0,15200.0,152.0
2022,single,0,15300.0,159.0
2022,single,0,15400.0,166.0
2022,single,0,15500.0,173.0
2022,single,0,15600.0,180.0
2022,single,0,15700.0,187.0
2022,single,0,15800.0,194.0
2022,single,0,15900.0,201.0
2022,single,0,16000.0,
2022,single,0,17000.0,
2022,single,0,17500.0,
2022,single,0,inf,
2022,married_joint,1,0.0,0.0
2022,married_joint,1,22675.0,71.0
2022,married_joint,1,22700.0,82.0
2022,married_joint,1,22800.0,92.0
2022,married_joint,1,22900.0,103.0
2022,married_joint,1,23000.0,113.0
2022,married_joint,1,23100.0,123.0
2022,married_joint,1,23200.0,134.0
2022,married_joint,1,23300.0,144.0
2022,married_joint,1,23400.0,155.0
2022,married_joint,1,23500.0,165.0
2022,married_joint,1,23600.0,175.0
2022,married_joint,1,23700.0,186.0
2022,married_joint,1,23800.0,196.0
2022,married_joint,1,23900.0,207.0
2022,married_joint,1,24000.0,217.0
2022,married_joint,1,24100.0,227.0
2022,married_joint,1,24200.0,238.0
2022,married_joint,1,24300.0,248.0
2022,married_joint,1,24400.0,259.0
2022,married_joint,1,24500.0,269.0
2022,married_joint,1,24600.0,279.0
2022,married_joint,1,24700.0,290.0
2022,married_joint,1,24800.0,300.0
2022,married_joint,1,24900.0,311.0
2022,married_joint,1,25000.0,321.0
2022,married_joint,1,25100.0,331.0
2022,married_joint,1,25200.0,342.0
2022,married_joint,1,25300.0,352.0
2022,married_joint,1,25400.0,363.0
2022,married_joint,1,25500.0,373.0
2022,married_joint,1,25600.0,383.0
2022,married_joint,1,25700.0,394.0
2022,married_joint,1,25800.0,404.0
2022,married_joint,1,25900.0,415.0
2022,married_joint,1,26000.0,425.0
2022,married_joint,1,26100.0,435.0
2022,married_joint,1,26200.0,446.0
2022,married_joint,1,26300.0,456.0
2022,married_joint,1,26400.0,467.0
2022,married_joint,1,26500.0,477.0
2022,married_joint,1,26600.0,487.0
2022,married_joint,1,26700.0,
2022,married_joint,1,27500.0,
2022,married_joint,1,28300.0,
2022,married_joint,1,29000.0,
2022,married_joint,2,0.0,0.0
2022,married_joint,2,27291.0,102.0
2022,married_joint,2,27300.0,112.0
2022,married_joint,2,27400.0,123.0
2022,married_joint,2,27500.0,133.0
2022,married_joint,2,27600.0,143.0
2022,married_joint,2,27700.0,154.0
2022,married_joint,2,27800.0,164.0
2022,married_joint,2,27900.0,175.0
2022,married_joint,2,28000.0,185.0
2022,married_joint,2,28100.0,195.0
2022,married_joint,2,28200.0,206.0
2022,married_joint,2,28300.0,216.0
2022,married_joint,2,28400.0,227.0
2022,married_joint,2,28500.0,237.0
2022,married_joint,2,28600.0,247.0
2022,married_joint,2,28700.0,258.0
2022,married_joint,2,28800.0,269.0
2022,married_joint,2,28900.0,281.0
2022,married_joint,2,29000.0,293.0
2022,married_joint,2,29100.0,305.0
2022,married_joint,2,29200.0,316.0
2022,married_joint,2,29300.0,328.0
2022,married_joint,2,29400.0,340.0
2022,married_joint,2,29500.0,352.0
2022,married_joint,2,29600.0,364.0
2022,married_joint,2,29700.0,376.0
2022,married_joint,2,29800.0,388.0
2022,married_joint,2,29900.0,400.0
2022,married_joint,2,30000.0,412.0
2022,married_joint,2,30100.0,424.0
2022,married_joint,2,30200.0,435.0
2022,married_joint,2,30300.0,447.0
2022,married_joint,2,30400.0,459.0
2022,married_joint,2,30500.0,471.0
2022,married_joint,2,30600.0,483.0
2022,married_joint,2,30700.0,495.0
2022,married_joint,2,30800.0,507.0
2022,married_joint,2,30900.0,519.0
2022,married_joint,2,31000.0,531.0
2022,married_joint,2,31100.0,543.0
2022,married_joint,2,31200.0,554.0
2022,married_joint,2,31300.0,566.0
2022,married_joint,2,31400.0,578.0
2022,married_joint,2,31500.0,590.0
2022,married_joint,2,31600.0,602.0
2022,married_joint,2,31700.0,614.0
2022,married_joint,2,31800.0,626.0
2022,married_joint,2,31900.0,638.0
2022,married_joint,2,32000.0,650.0
2022,married_joint,2,32100.0,662.0
2022,married_joint,2,32200.0,673.0
2022,married_joint,2,32300.0,685.0
2022,married_joint,2,32400.0,697.0
2022,married_joint,2,32500.0,709.0
2022,married_joint,2,32600.0,721.0
2022,married_joint,2,32700.0,733.0
2022,married_joint,2,32800.0,745.0
2022,married_joint,2,32900.0,757.0
2022,married_joint,2,33000.0,769.0
2022,married_joint,2,33100.0,
2022,married_joint,2,inf,
2022,head_of_household,1,0.0,0.0
2022,head_of_household,1,19117.0,62.0
2022,head_of_household,1,19200.0,72.0
2022,head_of_household,1,19300.0,81.0
2022,head_of_household,1,19400.0,90.0
2022,head_of_household,1,19500.0,100.0
2022,head_of_household,1,19600.0,109.0
2022,head_of_household,1,19700.0,119.0
2022,head_of_household,1,19800.0,128.0
2022,head_of_household,1,19900.0,137.0
2022,head_of_household,1,20000.0,147.0
2022,head_of_household,1,20100.0,156.0
2022,head_of_household,1,20200.0,166.0
2022,head_of_household,1,20300.0,175.0
2022,head_of_household,1,20400.0,184.0
2022,head_of_household,1,20500.0,194.0
2022,head_of_household,1,20600.0,203.0
2022,head_of_household,1,20700.0,213.0
2022,head_of_household,1,20800.0,222.0
2022,head_of_household,1,20900.0,231.0
2022,head_of_household,1,21000.0,241.0
2022,head_of_household,1,21100.0,250.0
2022,head_of_household,1,21200.0,260.0
2022,head_of_household,1,21300.0,269.0
2022,head_of_household,1,21400.0,278.0
2022,head_of_household,1,21500.0,288.0
2022,head_of_household,1,21600.0,297.0
2022,head_of_household,1,21700.0,307.0
2022,head_of_household,1,21800.0,316.0
2022,head_of_household,1,21900.0,325.0
2022,head_of_household,1,22000.0,335.0
2022,head_of_household,1,22100.0,344.0
2022,head_of_household,1,22200.0,354.0
2022,head_of_household,1,22300.0,363.0
2022,head_of_household,1,22400.0,372.0
2022,head_of_household,1,22500.0,382.0
2022,head_of_household,1,22600.0,391.0
2022,head_of_household,1,22700.0,401.0
2022,head_of_household,1,22800.0,410.0
2022,head_of_household,1,22900.0,419.0
2022,head_of_household,1,23000.0,429.0
2022,head_of_household,1,23100.0,438.0
2022,head_of_household,1,23200.0,448.0
2022,head_of_household,1,23300.0,
2022,head_of_household,1,24600.0,
2022,head_of_household,1,25300.0,
2022,head_of_household,1,inf,
2022,head_of_household,2,0.0,0.0
2022,head_of_household,2,22789.0,86.0
2022,head_of_household,2,22800.0,98.0
2022,head_of_household,2,22900.0,110.0
2022,head_of_household,2,23000.0,123.0
2022,head_of_household,2,23100.0,135.0
2022,head_of_household,2,23200.0,148.0
2022,head_of_household,2,23300.0,160.0
2022,head_of_household,2,23400.0,172.0
2022,head_of_household,2,23500.0,185.0
2022,head_of_household,2,23600.0,197.0
2022,head_of_household,2,23700.0,210.0
2022,head_of_household,2,23800.0,222.0
2022,head_of_household,2,23900.0,234.0
2022,head_of_household,2,24000.0,247.0
2022,head_of_household,2,24100.0,259.0
2022,head_of_household,2,24200.0,272.0
2022,head_of_household,2,24300.0,284.0
2022,head_of_household,2,24400.0,296.0
2022,head_of_household,2,24500.0,309.0
2022,head_of_household,2,24600.0,321.0
2022,head_of_household,2,24700.0,334.0
2022,head_of_household,2,24800.0,346.0
2022,head_of_household,2,24900.0,358.0
2022,head_of_household,2,25000.0,371.0
2022,head_of_household,2,25100.0,383.0
2022,head_of_household,2,25200.0,396.0
2022,head_of_household,2,25300.0,408.0
2022,head_of_household,2,25400.0,420.0
2022,head_of_household,2,25500.0,433.0
2022,head_of_household,2,25600.0,445.0
2022,head_of_household,2,25700.0,458.0
2022,head_of_household,2,25800.0,470.0
2022,head_of_household,2,25900.0,482.0
2022,head_of_household,2,26000.0,495.0
2022,head_of_household,2,26100.0,507.0
2022,head_of_household,2,26200.0,520.0
2022,head_of_household,2,26300.0,532.0
2022,head_of_household,2,26400.0,544.0
2022,head_of_household,2,26500.0,557.0
2022,head_of_household,2,26600.0,
2022,head_of_household,2,28200.0,
2022,head_of_household,2,29000.0,
2022,head_of_household,2,inf,
2023,single,0,0.0,0.0
2023,single,0,13849.0,27.0
2023,single,0,13900.0,34.0
2023,single,0,14000.0,41.0
2023,single,0,14100.0,48.0
2023,single,0,14200.0,55.0
2023,single,0,14300.0,62.0
2023,single,0,14400.0,69.0
2023,single,0,14500.0,76.0
2023,single,0,14600.0,83.0
2023,single,0,14700.0,90.0
2023,single,0,14800.0,97.0
2023,single,0,14900.0,104.0
2023,single,0,15000.0,111.0
2023,single,0,15100.0,118.0
2023,single,0,15200.0,125.0
2023,single,0,15300.0,132.0
2023,single,0,15400.0,139.0
2023,single,0,15500.0,146.0
2023,single,0,15600.0,153.0
2023,single,0,15700.0,160.0
2023,single,0,15800.0,167.0
2023,single,0,15900.0,174.0
2023,single,0,16000.0,181.0
2023,single,0,16100.0,188.0
2023,single,0,16200.0,195.0
2023,single,0,16300.0,202.0
2023,single,0,16400.0,209.0
2023,single,0,16500.0,
2023,single,0,17000.0,
2023,single,0,17500.0,
2023,married_joint,1,0.0,0.0
2023,married_joint,1,23356.0,72.0
2023,married_joint,1,23400.0,83.0
2023,married_joint,1,23500.0,93.0
2023,married_joint,1,23600.0,104.0
2023,married_joint,1,23700.0,114.0
2023,married_joint,1,23800.0,124.0
2023,married_joint,1,23900.0,135.0
2023,married_joint,1,24000.0,145.0
2023,married_joint,1,24100.0,156.0
2023,married_joint,1,24200.0,166.0
2023,married_joint,1,24300.0,176.0
2023,married_joint,1,24400.0,187.0
2023,married_joint,1,24500.0,197.0
2023,married_joint,1,24600.0,208.0
2023,married_joint,1,24700.0,218.0
2023,married_joint,1,24800.0,228.0
2023,married_joint,1,24900.0,239.0
2023,married_joint,1,25000.0,249.0
2023,married_joint,1,25100.0,260.0
2023,married_joint,1,25200.0,270.0
2023,married_joint,1,25300.0,280.0
2023,married_joint,1,25400.0,291.0
2023,married_joint,1,25500.0,301.0
2023,married_joint,1,25600.0,312.0
2023,married_joint,1,25700.0,322.0
2023,married_joint,1,25800.0,332.0
2023,married_joint,1,25900.0,343.0
2023,married_joint,1,26000.0,353.0
2023,married_joint,1,26100.0,364.0
2023,married_joint,1,26200.0,374.0
2023,married_joint,1,26300.0,384.0
2023,married_joint,1,26400.0,395.0
2023,married_joint,1,26500.0,405.0
2023,married_joint,1,26600.0,416.0
2023,married_joint,1,26700.0,426.0
2023,married_joint,1,26800.0,436.0
2023,married_joint,1,26900.0,447.0
2023,married_joint,1,27000.0,457.0
2023,married_joint,1,27100.0,468.0
2023,married_joint,1,27200.0,478.0
2023,married_joint,1,27300.0,488.0
2023,married_joint,1,27400.0,499.0
2023,married_joint,1,27500.0,
2023,married_joint,1,28300.0,
2023,married_joint,1,29000.0,
2023,married_joint,2,0.0,0.0
2023,married_joint,2,28110.0,105.0
2023,married_joint,2,28200.0,115.0
2023,married_joint,2,28300.0,126.0
2023,married_joint,2,28400.0,136.0
2023,married_joint,2,28500.0,147.0
2023,married_joint,2,28600.0,157.0
2023,married_joint,2,28700.0,167.0
2023,married_joint,2,28800.0,178.0
2023,married_joint,2,28900.0,188.0
2023,married_joint,2,29000.0,199.0
2023,married_joint,2,29100.0,209.0
2023,married_joint,2,29200.0,219.0
2023,married_joint,2,29300.0,230.0
2023,married_joint,2,29400.0,240.0
2023,married_joint,2,29500.0,251.0
2023,married_joint,2,29600.0,261.0
2023,married_joint,2,29700.0,272.0
2023,married_joint,2,29800.0,284.0
2023,married_joint,2,29900.0,295.0
2023,married_joint,2,30000.0,307.0
2023,married_joint,2,30100.0,319.0
2023,married_joint,2,30200.0,331.0
2023,married_joint,2,30300.0,342.0
2023,married_joint,2,30400.0,354.0
2023,married_joint,2,30500.0,366.0
2023,married_joint,2,30600.0,377.0
2023,married_joint,2,30700.0,389.0
2023,married_joint,2,30800.0,401.0
2023,married_joint,2,30900.0,412.0
2023,married_joint,2,31000.0,424.0
2023,married_joint,2,31100.0,436.0
2023,married_joint,2,31200.0,448.0
2023,married_joint,2,31300.0,459.0
2023,married_joint,2,31400.0,471.0
2023,married_joint,2,31500.0,483.0
2023,married_joint,2,31600.0,494.0
2023,married_joint,2,31700.0,506.0
2023,married_joint,2,31800.0,518.0
2023,married_joint,2,31900.0,529.0
2023,married_joint,2,32000.0,541.0
2023,married_joint,2,32100.0,553.0
2023,married_joint,2,32200.0,565.0
2023,married_joint,2,32300.0,576.0
2023,married_joint,2,32400.0,588.0
2023,married_joint,2,32500.0,600.0
2023,married_joint,2,32600.0,611.0
2023,married_joint,2,32700.0,623.0
2023,married_joint,2,32800.0,635.0
2023,married_joint,2,32900.0,646.0
2023,married_joint,2,33000.0,658.0
2023,married_joint,2,33100.0,670.0
2023,married_joint,2,33200.0,682.0
2023,married_joint,2,33300.0,693.0
2023,married_joint,2,33400.0,705.0
2023,married_joint,2,33500.0,717.0
2023,married_joint,2,33600.0,728.0
2023,married_joint,2,33700.0,740.0
2023,married_joint,2,33800.0,752.0
2023,married_joint,2,33900.0,763.0
2023,married_joint,2,34000.0,775.0
2023,married_joint,2,34100.0,
2023,married_joint,2,inf,
2023,head_of_household,1,0.0,0.0
2023,head_of_household,1,19691.0,64.0
2023,head_of_household,1,19700.0,73.0
2023,head_of_household,1,19800.0,82.0
2023,head_of_household,1,19900.0,92.0
2023,head_of_household,1,20000.0,101.0
2023,head_of_household,1,20100.0,111.0
2023,head_of_household,1,20200.0,120.0
2023,head_of_household,1,20300.0,129.0
2023,head_of_household,1,20400.0,139.0
2023,head_of_household,1,20500.0,148.0
2023,head_of_household,1,20600.0,158.0
2023,head_of_household,1,20700.0,167.0
2023,head_of_household,1,20800.0,176.0
2023,head_of_household,1,20900.0,186.0
2023,head_of_household,1,21000.0,195.0
2023,head_of_household,1,21100.0,205.0
2023,head_of_household,1,21200.0,214.0
2023,head_of_household,1,21300.0,223.0
2023,head_of_household,1,21400.0,233.0
2023,head_of_household,1,21500.0,242.0
2023,head_of_household,1,21600.0,252.0
2023,head_of_household,1,21700.0,261.0
2023,head_of_household,1,21800.0,270.0
2023,head_of_household,1,21900.0,280.0
2023,head_of_household,1,22000.0,289.0
2023,head_of_household,1,22100.0,299.0
2023,head_of_household,1,22200.0,308.0
2023,head_of_household,1,22300.0,317.0
2023,head_of_household,1,22400.0,327.0
2023,head_of_household,1,22500.0,336.0
2023,head_of_household,1,22600.0,346.0
2023,head_of_household,1,22700.0,355.0
2023,head_of_household,1,22800.0,364.0
2023,head_of_household,1,22900.0,374.0
2023,head_of_household,1,23000.0,383.0
2023,head_of_household,1,23100.0,393.0
2023,head_of_household,1,23200.0,402.0
2023,head_of_household,1,23300.0,411.0
2023,head_of_household,1,23400.0,421.0
2023,head_of_household,1,23500.0,430.0
2023,head_of_household,1,23600.0,440.0
2023,head_of_household,1,23700.0,449.0
2023,head_of_household,1,23800.0,458.0
2023,head_of_household,1,23900.0,
2023,head_of_household,1,24600.0,
2023,head_of_household,1,25300.0,
2023,head_of_household,2,0.0,0.0
2023,head_of_household,2,23472.0,89.0
2023,head_of_household,2,23500.0,102.0
2023,head_of_household,2,23600.0,114.0
2023,head_of_household,2,23700.0,127.0
2023,head_of_household,2,23800.0,139.0
2023,head_of_household,2,23900.0,151.0
2023,head_of_household,2,24000.0,164.0
2023,head_of_household,2,24100.0,176.0
2023,head_of_household,2,24200.0,189.0
2023,head_of_household,2,24300.0,201.0
2023,head_of_household,2,24400.0,213.0
2023,head_of_household,2,24500.0,226.0
2023,head_of_household,2,24600.0,238.0
2023,head_of_household,2,24700.0,251.0
2023,head_of_household,2,24800.0,263.0
2023,head_of_household,2,24900.0,275.0
2023,head_of_household,2,25000.0,288.0
2023,head_of_household,2,25100.0,300.0
2023,head_of_household,2,25200.0,313.0
2023,head_of_household,2,25300.0,325.0
2023,head_of_household,2,25400.0,337.0
2023,head_of_household,2,25500.0,350.0
2023,head_of_household,2,25600.0,362.0
2023,head_of_household,2,25700.0,375.0
2023,head_of_household,2,25800.0,387.0
2023,head_of_household,2,25900.0,399.0
2023,head_of_household,2,26000.0,412.0
2023,head_of_household,2,26100.0,424.0
2023,head_of_household,2,26200.0,437.0
2023,head_of_household,2,26300.0,449.0
2023,head_of_household,2,26400.0,461.0
2023,head_of_household,2,26500.0,474.0
2023,head_of_household,2,26600.0,486.0
2023,head_of_household,2,26700.0,499.0
2023,head_of_household,2,26800.0,511.0
2023,head_of_household,2,26900.0,523.0
2023,head_of_household,2,27000.0,536.0
2023,head_of_household,2,27100.0,548.0
2023,head_of_household,2,27200.0,561.0
2023,head_of_household,2,27300.0,574.0
2023,head_of_household,2,27400.0,
2023,head_of_household,2,28200.0,
2023,head_of_household,2,29000.0,
2024,single,0,0.0,0.0
2024,single,0,14265.0,27.0
2024,single,0,14300.0,34.0
2024,single,0,14400.0,41.0
2024,single,0,14500.0,48.0
2024,single,0,14600.0,55.0
2024,single,0,14700.0,62.0
2024,single,0,14800.0,69.0
2024,single,0,14900.0,76.0
2024,single,0,15000.0,83.0
2024,single,0,15100.0,90.0
2024,single,0,15200.0,97.0
2024,single,0,15300.0,104.0
2024,single,0,15400.0,111.0
2024,single,0,15500.0,118.0
2024,single,0,15600.0,125.0
2024,single,0,15700.0,132.0
2024,single,0,15800.0,139.0
2024,single,0,15900.0,146.0
2024,single,0,16000.0,153.0
2024,single,0,16100.0,160.0
2024,single,0,16200.0,167.0
2024,single,0,16300.0,174.0
2024,single,0,16400.0,181.0
2024,single,0,16500.0,188.0
2024,single,0,16600.0,195.0
2024,single,0,16700.0,202.0
2024,single,0,16800.0,209.0
2024,single,0,16900.0,216.0
2024,single,0,17000.0,
2024,married_joint,1,0.0,0.0
2024,married_joint,1,24057.0,75.0
2024,married_joint,1,24100.0,85.0
2024,married_joint,1,24200.0,95.0
2024,married_joint,1,24300.0,106.0
2024,married_joint,1,24400.0,116.0
2024,married_joint,1,24500.0,127.0
2024,married_joint,1,24600.0,137.0
2024,married_joint,1,24700.0,147.0
2024,married_joint,1,24800.0,158.0
2024,married_joint,1,24900.0,168.0
2024,married_joint,1,25000.0,179.0
2024,married_joint,1,25100.0,189.0
2024,married_joint,1,25200.0,199.0
2024,married_joint,1,25300.0,210.0
2024,married_joint,1,25400.0,220.0
2024,married_joint,1,25500.0,231.0
2024,married_joint,1,25600.0,241.0
2024,married_joint,1,25700.0,251.0
2024,married_joint,1,25800.0,262.0
2024,married_joint,1,25900.0,272.0
2024,married_joint,1,26000.0,283.0
2024,married_joint,1,26100.0,293.0
2024,married_joint,1,26200.0,303.0
2024,married_joint,1,26300.0,314.0
2024,married_joint,1,26400.0,324.0
2024,married_joint,1,26500.0,335.0
2024,married_joint,1,26600.0,345.0
2024,married_joint,1,26700.0,355.0
2024,married_joint,1,26800.0,366.0
2024,married_joint,1,26900.0,376.0
2024,married_joint,1,27000.0,387.0
2024,married_joint,1,27100.0,397.0
2024,married_joint,1,27200.0,407.0
2024,married_joint,1,27300.0,418.0
2024,married_joint,1,27400.0,428.0
2024,married_joint,1,27500.0,439.0
2024,married_joint,1,27600.0,449.0
2024,married_joint,1,27700.0,459.0
2024,married_joint,1,27800.0,470.0
2024,married_joint,1,27900.0,480.0
2024,married_joint,1,28000.0,491.0
2024,married_joint,1,28100.0,501.0
2024,married_joint,1,28200.0,511.0
2024,married_joint,1,28300.0,
2024,married_joint,2,0.0,0.0
2024,married_joint,2,28953.0,108.0
2024,married_joint,2,29000.0,118.0
2024,married_joint,2,29100.0,129.0
2024,married_joint,2,29200.0,139.0
2024,married_joint,2,29300.0,150.0
2024,married_joint,2,29400.0,160.0
2024,married_joint,2,29500.0,170.0
2024,married_joint,2,29600.0,181.0
2024,married_joint,2,29700.0,191.0
2024,married_joint,2,29800.0,202.0
2024,married_joint,2,29900.0,212.0
2024,married_joint,2,30000.0,222.0
2024,married_joint,2,30100.0,233.0
2024,married_joint,2,30200.0,243.0
2024,married_joint,2,30300.0,254.0
2024,married_joint,2,30400.0,264.0
2024,married_joint,2,30500.0,275.0
2024,married_joint,2,30600.0,286.0
2024,married_joint,2,30700.0,296.0
2024,married_joint,2,30800.0,307.0
2024,married_joint,2,30900.0,318.0
2024,married_joint,2,31000.0,329.0
2024,married_joint,2,31100.0,340.0
2024,married_joint,2,31200.0,351.0
2024,married_joint,2,31300.0,362.0
2024,married_joint,2,31400.0,373.0
2024,married_joint,2,31500.0,384.0
2024,married_joint,2,31600.0,395.0
2024,married_joint,2,31700.0,405.0
2024,married_joint,2,31800.0,416.0
2024,married_joint,2,31900.0,427.0
2024,married_joint,2,32000.0,438.0
2024,married_joint,2,32100.0,449.0
2024,married_joint,2,32200.0,460.0
2024,married_joint,2,32300.0,471.0
2024,married_joint,2,32400.0,482.0
2024,married_joint,2,32500.0,493.0
2024,married_joint,2,32600.0,504.0
2024,married_joint,2,32700.0,514.0
2024,married_joint,2,32800.0,525.0
2024,married_joint,2,32900.0,536.0
2024,married_joint,2,33000.0,547.0
2024,married_joint,2,33100.0,558.0
2024,married_joint,2,33200.0,569.0
2024,married_joint,2,33300.0,580.0
2024,married_joint,2,33400.0,591.0
2024,married_joint,2,33500.0,602.0
2024,married_joint,2,33600.0,613.0
2024,married_joint,2,33700.0,623.0
2024,married_joint,2,33800.0,634.0
2024,married_joint,2,33900.0,645.0
2024,married_joint,2,34000.0,656.0
2024,married_joint,2,34100.0,667.0
2024,married_joint,2,34200.0,678.0
2024,married_joint,2,34300.0,689.0
2024,married_joint,2,34400.0,700.0
2024,married_joint,2,34500.0,711.0
2024,married_joint,2,34600.0,722.0
2024,married_joint,2,34700.0,732.0
2024,married_joint,2,34800.0,743.0
2024,married_joint,2,34900.0,754.0
2024,married_joint,2,35000.0,765.0
2024,married_joint,2,35100.0,
2024,married_joint,2,inf,
2024,head_of_household,1,0.0,0.0
2024,head_of_household,1,20282.0,65.0
2024,head_of_household,1,20300.0,75.0
2024,head_of_household,1,20400.0,84.0
2024,head_of_household,1,20500.0,93.0
2024,head_of_household,1,20600.0,103.0
2024,head_of_household,1,20700.0,112.0
2024,head_of_household,1,20800.0,122.0
2024,head_of_household,1,20900.0,131.0
2024,head_of_household,1,21000.0,140.0
2024,head_of_household,1,21100.0,150.0
2024,head_of_household,1,21200.0,159.0
2024,head_of_household,1,21300.0,169.0
2024,head_of_household,1,21400.0,178.0
2024,head_of_household,1,21500.0,187.0
2024,head_of_household,1,21600.0,197.0
2024,head_of_household,1,21700.0,206.0
2024,head_of_household,1,21800.0,216.0
2024,head_of_household,1,21900.0,225.0
2024,head_of_household,1,22000.0,234.0
2024,head_of_household,1,22100.0,244.0
2024,head_of_household,1,22200.0,253.0
2024,head_of_household,1,22300.0,263.0
2024,head_of_household,1,22400.0,272.0
2024,head_of_household,1,22500.0,281.0
2024,head_of_household,1,22600.0,291.0
2024,head_of_household,1,22700.0,300.0
2024,head_of_household,1,22800.0,310.0
2024,head_of_household,1,22900.0,319.0
2024,head_of_household,1,23000.0,328.0
2024,head_of_household,1,23100.0,338.0
2024,head_of_household,1,23200.0,347.0
2024,head_of_household,1,23300.0,357.0
2024,head_of_household,1,23400.0,366.0
2024,head_of_household,1,23500.0,375.0
2024,head_of_household,1,23600.0,385.0
2024,head_of_household,1,23700.0,394.0
2024,head_of_household,1,23800.0,404.0
2024,head_of_household,1,23900.0,413.0
2024,head_of_household,1,24000.0,422.0
2024,head_of_household,1,24100.0,432.0
2024,head_of_household,1,24200.0,441.0
2024,head_of_household,1,24300.0,451.0
2024,head_of_household,1,24400.0,460.0
2024,head_of_household,1,24500.0,469.0
2024,head_of_household,1,24600.0,
2024,head_of_household,2,0.0,0.0
2024,head_of_household,2,24200.0,196.0
2024,head_of_household,2,24300.0,116.0
2024,head_of_household,2,24400.0,129.0
2024,head_of_household,2,24500.0,141.0
2024,head_of_household,2,24600.0,154.0
2024,head_of_household,2,24700.0,166.0
2024,head_of_household,2,24800.0,178.0
2024,head_of_household,2,24900.0,191.0
2024,head_of_household,2,25000.0,203.0
2024,head_of_household,2,25100.0,216.0
2024,head_of_household,2,25200.0,228.0
2024,head_of_household,2,25300.0,240.0
2024,head_of_household,2,25400.0,253.0
2024,head_of_household,2,25500.0,265.0
2024,head_of_household,2,25600.0,278.0
2024,head_of_household,2,25700.0,290.0
2024,head_of_household,2,25800.0,302.0
2024,head_of_household,2,25900.0,315.0
2024,head_of_household,2,26000.0,327.0
2024,head_of_household,2,26100.0,340.0
2024,head_of_household,2,26200.0,352.0
2024,head_of_household,2,26300.0,364.0
2024,head_of_household,2,26400.0,377.0
2024,head_of_household,2,26500.0,389.0
2024,head_of_household,2,26600.0,402.0
2024,head_of_household,2,26700.0,414.0
2024,head_of_household,2,26800.0,426.0
2024,head_of_household,2,26900.0,439.0
2024,head_of_household,2,27000.0,451.0
2024,head_of_household,2,27100.0,464.0
2024,head_of_household,2,27200.0,476.0
2024,head_of_household,2,27300.0,488.0
2024,head_of_household,2,27400.0,501.0
2024,head_of_household,2,27500.0,513.0
2024,head_of_household,2,27600.0,526.0
2024,head_of_household,2,27700.0,538.0
2024,head_of_household,2,27800.0,550.0
2024,head_of_household,2,27900.0,563.0
2024,head_of_household,2,28000.0,575.0
2024,head_of_household,2,28100.0,588.0
2024,head_of_household,2,28200.0,
2025,single,0,0.0,0.0
2025,single,0,14643.0,29.0
2025,single,0,14700.0,33.0
2025,single,0,14800.0,40.0
2025,single,0,14900.0,47.0
2025,single,0,15000.0,54.0
2025,single,0,15100.0,61.0
2025,single,0,15200.0,68.0
2025,single,0,15300.0,75.0
2025,single,0,15400.0,82.0
2025,single,0,15500.0,89.0
2025,single,0,15600.0,96.0
2025,single,0,15700.0,103.0
2025,single,0,15800.0,110.0
2025,single,0,15900.0,117.0
2025,single,0,16000.0,124.0
2025,single,0,16100.0,131.0
2025,single,0,16200.0,138.0
2025,single,0,16300.0,145.0
2025,single,0,16400.0,152.0
2025,single,0,16500.0,159.0
2025,single,0,16600.0,166.0
2025,single,0,16700.0,173.0
2025,single,0,16800.0,180.0
2025,single,0,16900.0,187.0
2025,single,0,17000.0,194.0
2025,single,0,17100.0,201.0
2025,single,0,17200.0,208.0
2025,single,0,17300.0,215.0
2025,single,0,17400.0,222.0
2025,single,0,17500.0,
2025,married_joint,1,0.0,0.0
2025,married_joint,1,24695.0,77.0
2025,married_joint,1,24700.0,87.0
2025,married_joint,1,24800.0,98.0
2025,married_joint,1,24900.0,108.0
2025,married_joint,1,25000.0,118.0
2025,married_joint,1,25100.0,129.0
2025,married_joint,1,25200.0,139.0
2025,married_joint,1,25300.0,150.0
2025,married_joint,1,25400.0,160.0
2025,married_joint,1,25500.0,170.0
2025,married_joint,1,25600.0,181.0
2025,married_joint,1,25700.0,191.0
2025,married_joint,1,25800.0,202.0
2025,married_joint,1,25900.0,212.0
2025,married_joint,1,26000.0,222.0
2025,married_joint,1,26100.0,233.0
2025,married_joint,1,26200.0,243.0
2025,married_joint,1,26300.0,254.0
2025,married_joint,1,26400.0,264.0
2025,married_joint,1,26500.0,274.0
2025,married_joint,1,26600.0,285.0
2025,married_joint,1,26700.0,295.0
2025,married_joint,1,26800.0,306.0
2025,married_joint,1,26900.0,316.0
2025,married_joint,1,27000.0,326.0
2025,married_joint,1,27100.0,337.0
2025,married_joint,1,27200.0,347.0
2025,married_joint,1,27300.0,358.0
2025,married_joint,1,27400.0,368.0
2025,married_joint,1,27500.0,378.0
2025,married_joint,1,27600.0,389.0
2025,married_joint,1,27700.0,399.0
2025,married_joint,1,27800.0,410.0
2025,married_joint,1,27900.0,420.0
2025,married_joint,1,28000.0,430.0
2025,married_joint,1,28100.0,441.0
2025,married_joint,1,28200.0,451.0
2025,married_joint,1,28300.0,462.0
2025,married_joint,1,28400.0,472.0
2025,married_joint,1,28500.0,482.0
2025,married_joint,1,28600.0,493.0
2025,married_joint,1,28700.0,503.0
2025,married_joint,1,28800.0,514.0
2025,married_joint,1,28900.0,524.0
2025,married_joint,1,29000.0,
2025,married_joint,2,0.0,0.0
2025,married_joint,2,29722.0,111.0
2025,married_joint,2,29800.0,122.0
2025,married_joint,2,29900.0,132.0
2025,married_joint,2,30000.0,143.0
2025,married_joint,2,30100.0,153.0
2025,married_joint,2,30200.0,163.0
2025,married_joint,2,30300.0,174.0
2025,married_joint,2,30400.0,184.0
2025,married_joint,2,30500.0,195.0
2025,married_joint,2,30600.0,205.0
2025,married_joint,2,30700.0,215.0
2025,married_joint,2,30800.0,226.0
2025,married_joint,2,30900.0,236.0
2025,married_joint,2,31000.0,247.0
2025,married_joint,2,31100.0,257.0
2025,married_joint,2,31200.0,267.0
2025,married_joint,2,31300.0,278.0
2025,married_joint,2,31400.0,289.0
2025,married_joint,2,31500.0,300.0
2025,married_joint,2,31600.0,311.0
2025,married_joint,2,31700.0,322.0
2025,married_joint,2,31800.0,333.0
2025,married_joint,2,31900.0,343.0
2025,married_joint,2,32000.0,354.0
2025,married_joint,2,32100.0,365.0
2025,married_joint,2,32200.0,376.0
2025,married_joint,2,32300.0,387.0
2025,married_joint,2,32400.0,398.0
2025,married_joint,2,32500.0,409.0
2025,married_joint,2,32600.0,420.0
2025,married_joint,2,32700.0,431.0
2025,married_joint,2,32800.0,442.0
2025,married_joint,2,32900.0,452.0
2025,married_joint,2,33000.0,463.0
2025,married_joint,2,33100.0,474.0
2025,married_joint,2,33200.0,485.0
2025,married_joint,2,33300.0,496.0
2025,married_joint,2,33400.0,507.0
2025,married_joint,2,33500.0,518.0
2025,married_joint,2,33600.0,529.0
2025,married_joint,2,33700.0,540.0
2025,married_joint,2,33800.0,551.0
2025,married_joint,2,33900.0,561.0
2025,married_joint,2,34000.0,572.0
2025,married_joint,2,34100.0,583.0
2025,married_joint,2,34200.0,594.0
2025,married_joint,2,34300.0,605.0
2025,married_joint,2,34400.0,616.0
2025,married_joint,2,34500.0,627.0
2025,married_joint,2,34600.0,638.0
2025,married_joint,2,34700.0,649.0
2025,married_joint,2,34800.0,660.0
2025,married_joint,2,34900.0,670.0
2025,married_joint,2,35000.0,681.0
2025,married_joint,2,35100.0,692.0
2025,married_joint,2,35200.0,703.0
2025,married_joint,2,35300.0,714.0
2025,married_joint,2,35400.0,725.0
2025,married_joint,2,35500.0,736.0
2025,married_joint,2,35600.0,747.0
2025,married_joint,2,35700.0,758.0
2025,married_joint,2,35800.0,769.0
2025,married_joint,2,35900.0,779.0
2025,married_joint,2,36000.0,790.0
2025,married_joint,2,36100.0,
2025,head_of_household,1,0.0,0.0
2025,head_of_household,1,20820.0,67.0
2025,head_of_household,1,20900.0,77.0
2025,head_of_household,1,21000.0,86.0
2025,head_of_household,1,21100.0,95.0
2025,head_of_household,1,21200.0,105.0
2025,head_of_household,1,21300.0,114.0
2025,head_of_household,1,21400.0,124.0
2025,head_of_household,1,21500.0,133.0
2025,head_of_household,1,21600.0,142.0
2025,head_of_household,1,21700.0,152.0
2025,head_of_household,1,21800.0,161.0
2025,head_of_household,1,21900.0,171.0
2025,head_of_household,1,22000.0,180.0
2025,head_of_household,1,22100.0,189.0
2025,head_of_household,1,22200.0,199.0
2025,head_of_household,1,22300.0,208.0
2025,head_of_household,1,22400.0,218.0
2025,head_of_household,1,22500.0,227.0
2025,head_of_household,1,22600.0,236.0
2025,head_of_household,1,22700.0,246.0
2025,head_of_household,1,22800.0,255.0
2025,head_of_household,1,22900.0,265.0
2025,head_of_household,1,23000.0,274.0
2025,head_of_household,1,23100.0,283.0
2025,head_of_household,1,23200.0,293.0
2025,head_of_household,1,23300.0,302.0
2025,head_of_household,1,23400.0,312.0
2025,head_of_household,1,23500.0,321.0
2025,head_of_household,1,23600.0,330.0
2025,head_of_household,1,23700.0,340.0
2025,head_of_household,1,23800.0,349.0
2025,head_of_household,1,23900.0,359.0
2025,head_of_household,1,24000.0,368.0
2025,head_of_household,1,24100.0,377.0
2025,head_of_household,1,24200.0,387.0
2025,head_of_household,1,24300.0,396.0
2025,head_of_household,1,24400.0,406.0
2025,head_of_household,1,24500.0,415.0
2025,head_of_household,1,24600.0,424.0
2025,head_of_household,1,24700.0,434.0
2025,head_of_household,1,24800.0,443.0
2025,head_of_household,1,24900.0,453.0
2025,head_of_household,1,25000.0,462.0
2025,head_of_household,1,25100.0,471.0
2025,head_of_household,1,25200.0,481.0
2025,head_of_household,1,25300.0,
2025,head_of_household,2,0.0,0.0
2025,head_of_household,2,24818.0,94.0
2025,head_of_household,2,24900.0,107.0
2025,head_of_household,2,25000.0,119.0
2025,head_of_household,2,25100.0,132.0
2025,head_of_household,2,25200.0,144.0
2025,head_of_household,2,25300.0,156.0
2025,head_of_household,2,25400.0,169.0
2025,head_of_household,2,25500.0,181.0
2025,head_of_household,2,25600.0,194.0
2025,head_of_household,2,25700.0,206.0
2025,head_of_household,2,25800.0,218.0
2025,head_of_household,2,25900.0,231.0
2025,head_of_household,2,26000.0,243.0
2025,head_of_household,2,26100.0,256.0
2025,head_of_household,2,26200.0,268.0
2025,head_of_household,2,26300.0,280.0
2025,head_of_household,2,26400.0,293.0
2025,head_of_household,2,26500.0,305.0
2025,head_of_household,2,26600.0,318.0
2025,head_of_household,2,26700.0,330.0
2025,head_of_household,2,26800.0,342.0
2025,head_of_household,2,26900.0,355.0
2025,head_of_household,2,27000.0,367.0
2025,head_of_household,2,27100.0,380.0
2025,head_of_household,2,27200.0,392.0
2025,head_of_household,2,27300.0,404.0
2025,head_of_household,2,27400.0,417.0
2025,head_of_household,2,27500.0,429.0
2025,head_of_household,2,27600.0,442.0
2025,head_of_household,2,27700.0,454.0
2025,head_of_household,2,27800.0,466.0
2025,head_of_household,2,27900.0,479.0
2025,head_of_household,2,28000.0,491.0
2025,head_of_household,2,28100.0,504.0
2025,head_of_household,2,28200.0,516.0
2025,head_of_household,2,28300.0,528.0
2025,head_of_household,2,28400.0,541.0
2025,head_of_household,2,28500.0,553.0
2025,head_of_household,2,28600.0,566.0
2025,head_of_household,2,28700.0,578.0
2025,head_of_household,2,28800.0,590.0
2025,head_of_household,2,28900.0,603.0
2025,head_of_household,2,29000.0,
