year,status,dep_tier,tier_order,lower_bound,upper_bound,formula_offset,base,rate,upper_exclusive
1991,single,0,1,5500,8400,5500,26,0.01,0
1991,single,0,2,8400,11400,8400,106,0.02,1
1992,single,0,1,5500,8400,5500,26,0.01,0
1992,single,0,2,8400,11400,8400,106,0.02,1
1993,single,0,1,5500,8400,5500,26,0.01,0
1993,single,0,2,8400,11400,8400,106,0.02,1
1994,single,0,1,5500,8400,5500,26,0.01,0
1994,single,0,2,8400,11400,8400,106,0.02,1
1995,single,0,1,5500,8400,5500,26,0.01,0
1995,single,0,2,8400,11400,8400,106,0.02,1
1996,single,0,1,5500,8400,5500,26,0.01,0
1996,single,0,2,8400,11400,8400,106,0.02,1
1997,single,0,1,5500,8400,5500,26,0.01,0
1997,single,0,2,8400,11400,8400,106,0.02,1
1998,single,0,1,7800,11400,7800,21,0.034,0
1999,single,0,1,7800,11400,7800,21,0.034,0
2000,single,0,1,7800,11400,7800,21,0.034,0
2001,single,0,1,7800,11400,7800,21,0.034,0
2002,single,0,1,7800,11400,7800,21,0.034,0
2003,single,0,1,7800,11400,7800,21,0.034,0
2004,single,0,1,7800,11400,7800,21,0.034,0
2005,single,0,1,7800,11400,7800,21,0.034,0
2006,single,0,1,7800,11400,7800,21,0.034,0
2007,single,0,1,10200,13500,10200,29,0.073939394,0
2008,single,0,1,10506,13900,10506,33,0.07424867,0
2009,single,0,1,10526,13800,10526,32,0.068,0
2010,single,0,1,10681,14000,10681,33,0.075,0
2011,single,0,1,10940,14400,10940,35,0.075,0
2012,single,0,1,11220,14800,11220,36,0.075,0
2013,single,0,1,11410,15100,11410,37,0.075,0
2014,single,0,1,11591,15200,11591,36,0.076,0
2015,single,0,1,11643,15100,11643,35,0.073,0
2016,single,0,1,11736,15200,11736,35,0.073,0
2017,single,0,1,11970,15500,11970,36,0.07365,0
2018,single,0,1,12260,15900,12260,37,0.0739,0
2019,single,0,1,12492,14900,12492,25,0.0692,0
2020,single,0,1,12675,15200,12675,26,0.0693,0
2021,single,0,1,13054,15700,13054,27,0.0688,0
1991,married_joint,0,1,10000,13000,10000,71,0.01467,0
1991,married_joint,0,2,13000,16200,13000,230,0.03,0
1992,married_joint,0,1,10000,13000,10000,71,0.01467,0
1992,married_joint,0,2,13000,16200,13000,230,0.03,0
1993,married_joint,0,1,10000,13000,10000,71,0.01467,0
1993,married_joint,0,2,13000,16200,13000,230,0.03,0
1994,married_joint,0,1,10000,13000,10000,71,0.01467,0
1994,married_joint,0,2,13000,16200,13000,230,0.03,0
1995,married_joint,0,1,10000,13000,10000,71,0.01467,0
1995,married_joint,0,2,13000,16200,13000,230,0.03,0
1996,married_joint,0,1,10000,13000,10000,71,0.01467,0
1996,married_joint,0,2,13000,16200,13000,230,0.03,0
1997,married_joint,0,1,10000,13000,10000,71,0.01467,0
1997,married_joint,0,2,13000,16200,13000,230,0.03,0
1998,married_joint,0,1,15500,16000,15500,78.5,0.015,0
1998,married_joint,0,2,16000,16200,16000,114,0.02,0
1999,married_joint,0,1,15500,16000,15500,78.5,0.015,0
1999,married_joint,0,2,16000,16200,16000,114,0.02,0
2000,married_joint,0,1,15500,16000,15500,78.5,0.015,0
2000,married_joint,0,2,16000,16200,16000,114,0.02,0
2001,married_joint,0,1,15500,16000,15500,78.5,0.015,0
2001,married_joint,0,2,16000,16200,16000,114,0.02,0
2002,married_joint,0,1,15500,16000,15500,78.5,0.015,0
2002,married_joint,0,2,16000,16200,16000,114,0.02,0
2003,married_joint,0,1,15500,16000,15500,78.5,0.015,0
2003,married_joint,0,2,16000,16200,16000,114,0.02,0
2004,married_joint,0,1,15500,16000,15500,78.5,0.015,0
2004,married_joint,0,2,16000,16200,16000,114,0.02,0
2005,married_joint,0,1,15500,16000,15500,78.5,0.015,0
2005,married_joint,0,2,16000,16200,16000,114,0.02,0
2006,married_joint,0,1,15500,16000,15500,78.5,0.015,0
2006,married_joint,0,2,16000,16200,16000,114,0.02,0
2007,married_joint,1,1,17200,21400,17200,66,0.1121412857,0
2007,married_joint,2,1,20700,26700,20700,97,0.123333,0
2008,married_joint,1,1,17716,22000,17716,74,0.112745098,0
2008,married_joint,2,1,21321,27400,21321,107,0.124198,0
2009,married_joint,1,1,17749,21900,17749,73,0.113,0
2009,married_joint,2,1,21362,27400,21362,107,0.1235,0
2010,married_joint,1,1,18011,22400,18011,76,0.11255,0
2010,married_joint,2,1,21676,27800,21676,108,0.124755,0
2011,married_joint,1,1,18448,22400,18448,78,0.1137,0
2011,married_joint,2,1,22202,27800,22202,112,0.1243,0
2012,married_joint,1,1,18992,23600,18922,81,0.113,0
2012,married_joint,2,1,22773,29400,22773,116,0.1257,0
2013,married_joint,1,1,19242,24000,19243,83,0.115,0
2013,married_joint,2,1,23159,29900,23159,118,0.115,0
2014,married_joint,1,1,19547,24400,19547,84,0.114,0
2014,married_joint,2,1,23525,30400,23525,120,0.125,0
2015,married_joint,1,1,19635,24200,19635,79,0.112,0
2015,married_joint,2,1,23631,30200,23631,114,0.1267,0
2016,married_joint,1,1,19793,24300,19793,80,0.1138,0
2016,married_joint,2,1,23821,30500,23821,116,0.12,0
2017,married_joint,1,1,20187,24800,20187,82,0.1136,0
2017,married_joint,2,1,24295,31000,24295,118,0.121,0
2018,married_joint,1,1,20675,25500,20675,85,0.11337,0
2018,married_joint,2,1,24882,31800,24882,122,0.1208,0
2019,married_joint,1,1,21067,24800,21067,66,0.102,0
2019,married_joint,2,1,25355,30800,25355,95,0.1465,0
2020,married_joint,1,1,21375,25200,21375,67,0.1033,0
2020,married_joint,2,1,25726,31300,25726,97,0.1464,0
2021,married_joint,1,1,22016,26100,22016,70,0.1018,0
2021,married_joint,2,1,26496,32200,26496,100,0.148,0
1991,head_of_household,0,1,7200,11600,7400,42,0.0119,0
1991,head_of_household,0,2,11600,16200,11600,189,0.03,0
1992,head_of_household,0,1,7200,11600,7400,42,0.0119,0
1992,head_of_household,0,2,11600,16200,11600,189,0.03,0
1993,head_of_household,0,1,7200,11600,7400,42,0.0119,0
1993,head_of_household,0,2,11600,16200,11600,189,0.03,0
1994,head_of_household,0,1,7200,11600,7400,42,0.0119,0
1994,head_of_household,0,2,11600,16200,11600,189,0.03,0
1995,head_of_household,0,1,7200,11600,7400,42,0.0119,0
1995,head_of_household,0,2,11600,16200,11600,189,0.03,0
1996,head_of_household,0,1,7200,11600,7400,42,0.0119,0
1996,head_of_household,0,2,11600,16200,11600,189,0.03,0
1997,head_of_household,0,1,7200,11600,7400,42,0.0119,0
1997,head_of_household,0,2,11600,16200,11600,189,0.03,0
1998,head_of_household,0,1,12100,13000,12100,41,0.01,0
1998,head_of_household,0,2,13000,15200,13000,82.5,0.015,0
1998,head_of_household,0,3,15200,16100,15200,200.5,0.025,0
1999,head_of_household,0,1,12100,13000,12100,41,0.01,0
1999,head_of_household,0,2,13000,15200,13000,82.5,0.015,0
1999,head_of_household,0,3,15200,16100,15200,200.5,0.025,0
2000,head_of_household,0,1,12100,13000,12100,41,0.01,0
2000,head_of_household,0,2,13000,15200,13000,82.5,0.015,0
2000,head_of_household,0,3,15200,16100,15200,200.5,0.025,0
2001,head_of_household,0,1,12100,13000,12100,41,0.01,0
2001,head_of_household,0,2,13000,15200,13000,82.5,0.015,0
2001,head_of_household,0,3,15200,16100,15200,200.5,0.025,0
2002,head_of_household,0,1,12100,13000,12100,41,0.01,0
2002,head_of_household,0,2,13000,15200,13000,82.5,0.015,0
2002,head_of_household,0,3,15200,16100,15200,200.5,0.025,0
2003,head_of_household,0,1,12100,13000,12100,41,0.01,0
2003,head_of_household,0,2,13000,15200,13000,82.5,0.015,0
2003,head_of_household,0,3,15200,16100,15200,200.5,0.025,0
2004,head_of_household,0,1,12100,13000,12100,41,0.01,0
2004,head_of_household,0,2,13000,15200,13000,82.5,0.015,0
2004,head_of_household,0,3,15200,16100,15200,200.5,0.025,0
2005,head_of_household,0,1,12100,13000,12100,41,0.01,0
2005,head_of_household,0,2,13000,15200,13000,82.5,0.015,0
2005,head_of_household,0,3,15200,16100,15200,200.5,0.025,0
2006,head_of_household,0,1,12100,13000,12100,41,0.01,0
2006,head_of_household,0,2,13000,15200,13000,82.5,0.015,0
2006,head_of_household,0,3,15200,16100,15200,200.5,0.025,0
2007,head_of_household,0,1,14500,19000,14500,59,0.102666,0
2008,head_of_household,0,1,14935,19400,14935,67,0.103471,0
2009,head_of_household,0,1,14963,19300,14963,66,0.104,0
2010,head_of_household,0,1,15184,19600,15184,67,0.1046,0
2011,head_of_household,1,1,15552,20200,15552,70,0.104,0
2011,head_of_household,2,1,18539,22900,18540,97,0.1365,0
2012,head_of_household,1,1,15952,20800,15952,72,0.104,0
2012,head_of_household,2,1,19016,23500,19016,100,0.136,0
2013,head_of_household,1,1,16223,21200,16223,74,0.105,0
2013,head_of_household,2,1,19338,23900,19338,102,0.135,0
2014,head_of_household,1,1,16479,21400,16479,74,0.104,0
2014,head_of_household,2,1,19644,24200,19644,103,0.137,0
2015,head_of_household,1,1,16553,21300,16553,71,0.103,0
2015,head_of_household,2,1,19733,24200,19733,99,0.139,0
2016,head_of_household,1,1,16686,21400,16686,72,0.105,0
2016,head_of_household,2,1,19891,24300,19891,100,0.139,0
2017,head_of_household,1,1,17019,22000,17019,74,0.1024,0
2017,head_of_household,2,1,20287,24800,20287,102,0.139,0
2018,head_of_household,1,1,17430,22500,17430,76,0.1026,0
2018,head_of_household,2,1,20777,25400,20777,105,0.138,0
2019,head_of_household,1,1,17761,21600,17761,58,0.093,0
2019,head_of_household,2,1,21172,24800,21172,81,0.123,0
2020,head_of_household,1,1,18021,22000,18021,59,0.0922,0
2020,head_of_household,2,1,21482,25100,21482,83,0.123,0
2021,head_of_household,1,1,18561,22600,18561,62,0.093,0
2021,head_of_household,2,1,22125,26000,22125,86,0.17,0
