year,num_children,filing_status,rate_in,max_credit,phaseout_start,rate_out
2019,0,single,0.0765,529,8650,0.0765
2019,0,head_of_household,0.0765,529,8650,0.0765
2019,0,married_joint,0.0765,529,14450,0.0765
2019,1,single,0.34,3526,19030,0.1598
2019,1,head_of_household,0.34,3526,19030,0.1598
2019,1,married_joint,0.34,3526,24820,0.1598
2019,2,single,0.40,5828,19030,0.2106
2019,2,head_of_household,0.40,5828,19030,0.2106
2019,2,married_joint,0.40,5828,24820,0.2106
2019,3,single,0.45,6557,19030,0.2106
2019,3,head_of_household,0.45,6557,19030,0.2106
2019,3,married_joint,0.45,6557,24820,0.2106
2022,0,single,0.0765,560,9160,0.0765
2022,0,head_of_household,0.0765,560,9160,0.0765
2022,0,married_joint,0.0765,560,15290,0.0765
2022,1,single,0.34,3733,20130,0.1598
2022,1,head_of_household,0.34,3733,20130,0.1598
2022,1,married_joint,0.34,3733,26260,0.1598
2022,2,single,0.40,6164,20130,0.2106
2022,2,head_of_household,0.40,6164,20130,0.2106
2022,2,married_joint,0.40,6164,26260,0.2106
2022,3,single,0.45,6935,20130,0.2106
2022,3,head_of_household,0.45,6935,20130,0.2106
2022,3,married_joint,0.45,6935,26260,0.2106
2023,0,single,0.0765,600,9800,0.0765
2023,0,head_of_household,0.0765,600,9800,0.0765
2023,0,married_joint,0.0765,600,16370,0.0765
2023,1,single,0.34,3995,21560,0.1598
2023,1,head_of_household,0.34,3995,21560,0.1598
2023,1,married_joint,0.34,3995,28120,0.1598
2023,2,single,0.4,6604,21560,0.2106
2023,2,head_of_household,0.4,6604,21560,0.2106
2023,2,married_joint,0.4,6604,28120,0.2106
2023,3,single,0.45,7430,21560,0.2106
2023,3,head_of_household,0.45,7430,21560,0.2106
2023,3,married_joint,0.45,7430,28120,0.2106
2020,0,single,0.0765,538,8790,0.0765
2020,0,head_of_household,0.0765,538,8790,0.0765
2020,0,married_joint,0.0765,538,14680,0.0765
2020,1,single,0.34,3584,19330,0.1598
2020,1,head_of_household,0.34,3584,19330,0.1598
2020,1,married_joint,0.34,3584,25220,0.1598
2020,2,single,0.40,5920,19330,0.2106
2020,2,head_of_household,0.40,5920,19330,0.2106
2020,2,married_joint,0.40,5920,25220,0.2106
2020,3,single,0.45,6660,19330,0.2106
2020,3,head_of_household,0.45,6660,19330,0.2106
2020,3,married_joint,0.45,6660,25220,0.2106
2021,0,single,0.1530,1502,11610,0.1530
2021,0,head_of_household,0.1530,1502,11610,0.1530
2021,0,married_joint,0.1530,1502,17550,0.1530
2021,1,single,0.34,3618,19520,0.1598
2021,1,head_of_household,0.34,3618,19520,0.1598
2021,1,married_joint,0.34,3618,25470,0.1598
2021,2,single,0.40,5980,19520,0.2106
2021,2,head_of_household,0.40,5980,19520,0.2106
2021,2,married_joint,0.40,5980,25470,0.2106
2021,3,single,0.45,6728,19520,0.2106
2021,3,head_of_household,0.45,6728,19520,0.2106
2021,3,married_joint,0.45,6728,25470,0.2106
2018,0,single,0.0765,519,8490,0.0765
2018,0,head_of_household,0.0765,519,8490,0.0765
2018,0,married_joint,0.0765,519,14170,0.0765
2018,1,single,0.34,3461,18660,0.1598
2018,1,head_of_household,0.34,3461,18660,0.1598
2018,1,married_joint,0.34,3461,24350,0.1598
2018,2,single,0.40,5716,18660,0.2106
2018,2,head_of_household,0.40,5716,18660,0.2106
2018,2,married_joint,0.40,5716,24350,0.2106
2018,3,single,0.45,6431,18660,0.2106
2018,3,head_of_household,0.45,6431,18660,0.2106
2018,3,married_joint,0.45,6431,24350,0.2106
2017,0,single,0.0765,510,8340,0.0765
2017,0,head_of_household,0.0765,510,8340,0.0765
2017,0,married_joint,0.0765,510,13930,0.0765
2017,1,single,0.34,3400,18340,0.1598
2017,1,head_of_household,0.34,3400,18340,0.1598
2017,1,married_joint,0.34,3400,23930,0.1598
2017,2,single,0.40,5616,18340,0.2106
2017,2,head_of_household,0.40,5616,18340,0.2106
2017,2,married_joint,0.40,5616,23930,0.2106
2017,3,single,0.45,6318,18340,0.2106
2017,3,head_of_household,0.45,6318,18340,0.2106
2017,3,married_joint,0.45,6318,23930,0.2106
2013,0,single,0.0765,487,7970,0.0765
2013,0,head_of_household,0.0765,487,7970,0.0765
2013,0,married_joint,0.0765,487,13310,0.0765
2013,1,single,0.34,3250,17530,0.1598
2013,1,head_of_household,0.34,3250,17530,0.1598
2013,1,married_joint,0.34,3250,22870,0.1598
2013,2,single,0.40,5372,17530,0.2106
2013,2,head_of_household,0.40,5372,17530,0.2106
2013,2,married_joint,0.40,5372,22870,0.2106
2013,3,single,0.45,6044,17530,0.2106
2013,3,head_of_household,0.45,6044,17530,0.2106
2013,3,married_joint,0.45,6044,22870,0.2106
2011,0,single,0.0765,464,7590,0.0765
2011,0,head_of_household,0.0765,464,7590,0.0765
2011,0,married_joint,0.0765,464,12590,0.0765
2011,1,single,0.34,3094,16690,0.1598
2011,1,head_of_household,0.34,3094,16690,0.1598
2011,1,married_joint,0.34,3094,21690,0.1598
2011,2,single,0.40,5112,16690,0.2106
2011,2,head_of_household,0.40,5112,16690,0.2106
2011,2,married_joint,0.40,5112,21690,0.2106
2011,3,single,0.45,5751,16690,0.2106
2011,3,head_of_household,0.45,5751,16690,0.2106
2011,3,married_joint,0.45,5751,21790,0.2106
2009,0,single,0.0765,457,7470,0.0765
2009,0,head_of_household,0.0765,457,7470,0.0765
2009,0,married_joint,0.0765,457,12470,0.0765
2009,1,single,0.34,3043,16420,0.1598
2009,1,head_of_household,0.34,3043,16420,0.1598
2009,1,married_joint,0.34,3043,21420,0.1598
2009,2,single,0.40,5028,16420,0.2106
2009,2,head_of_household,0.40,5028,16420,0.2106
2009,2,married_joint,0.40,5028,21420,0.2106
2009,3,single,0.45,5657,16420,0.2106
2009,3,head_of_household,0.45,5657,16420,0.2106
2009,3,married_joint,0.45,5657,21420,0.2106
2008,0,single,0.0765,438,7160,0.0765
2008,0,head_of_household,0.0765,438,7160,0.0765
2008,0,married_joint,0.0765,438,10160,0.0765
2008,1,single,0.34,2917,15740,0.1598
2008,1,head_of_household,0.34,2917,15740,0.1598
2008,1,married_joint,0.34,2917,18740,0.1598
2008,2,single,0.40,4824,15740,0.2106
2008,2,head_of_household,0.40,4824,15740,0.2106
2008,2,married_joint,0.40,4824,18740,0.2106
2008,3,single,0.40,4824,15740,0.2106
2008,3,head_of_household,0.40,4824,15740,0.2106
2008,3,married_joint,0.40,4824,18740,0.2106
2010,0,single,0.0765,457,7480,0.0765
2010,0,head_of_household,0.0765,457,7480,0.0765
2010,0,married_joint,0.0765,457,12490,0.0765
2010,1,single,0.34,3050,16460,0.1598
2010,1,head_of_household,0.34,3050,16460,0.1598
2010,1,married_joint,0.34,3050,21460,0.1598
2010,2,single,0.40,5036,16460,0.2106
2010,2,head_of_household,0.40,5036,16460,0.2106
2010,2,married_joint,0.40,5036,21460,0.2106
2010,3,single,0.45,5666,16460,0.2106
2010,3,head_of_household,0.45,5666,16460,0.2106
2010,3,married_joint,0.45,5666,21460,0.2106
2012,0,single,0.0765,475,7750,0.0765
2012,0,head_of_household,0.0765,475,7750,0.0765
2012,0,married_joint,0.0765,475,13000,0.0765
2012,1,single,0.34,3169,17100,0.1598
2012,1,head_of_household,0.34,3169,17100,0.1598
2012,1,married_joint,0.34,3169,22300,0.1598
2012,2,single,0.40,5236,17100,0.2106
2012,2,head_of_household,0.40,5236,17100,0.2106
2012,2,married_joint,0.40,5236,22300,0.2106
2012,3,single,0.45,5891,17100,0.2106
2012,3,head_of_household,0.45,5891,17100,0.2106
2012,3,married_joint,0.45,5891,22300,0.2106
2014,0,single,0.0765,496,8110,0.0765
2014,0,head_of_household,0.0765,496,8110,0.0765
2014,0,married_joint,0.0765,496,13540,0.0765
2014,1,single,0.34,3305,17830,0.1598
2014,1,head_of_household,0.34,3305,17830,0.1598
2014,1,married_joint,0.34,3305,23260,0.1598
2014,2,single,0.40,5460,17830,0.2106
2014,2,head_of_household,0.40,5460,17830,0.2106
2014,2,married_joint,0.40,5460,23260,0.2106
2014,3,single,0.45,6143,17830,0.2106
2014,3,head_of_household,0.45,6143,17830,0.2106
2014,3,married_joint,0.45,6143,23260,0.2106
2015,0,single,0.0765,503,8250,0.0765
2015,0,head_of_household,0.0765,503,8250,0.0765
2015,0,married_joint,0.0765,503,13750,0.0765
2015,1,single,0.34,3359,18150,0.1598
2015,1,head_of_household,0.34,3359,18150,0.1598
2015,1,married_joint,0.34,3359,23650,0.1598
2015,2,single,0.40,5548,18150,0.2106
2015,2,head_of_household,0.40,5548,18150,0.2106
2015,2,married_joint,0.40,5548,23650,0.2106
2015,3,single,0.45,6242,18150,0.2106
2015,3,head_of_household,0.45,6242,18150,0.2106
2015,3,married_joint,0.45,6242,23650,0.2106
2016,0,single,0.0765,506,8270,0.0765
2016,0,head_of_household,0.0765,506,8270,0.0765
2016,0,married_joint,0.0765,506,13820,0.0765
2016,1,single,0.34,3373,18190,0.1598
2016,1,head_of_household,0.34,3373,18190,0.1598
2016,1,married_joint,0.34,3373,23740,0.1598
2016,2,single,0.40,5572,18190,0.2106
2016,2,head_of_household,0.40,5572,18190,0.2106
2016,2,married_joint,0.40,5572,23740,0.2106
2016,3,single,0.45,6269,18190,0.2106
2016,3,head_of_household,0.45,6269,18190,0.2106
2016,3,married_joint,0.45,6269,23740,0.2106
2007,0,single,0.0765,428,7000,0.0765
2007,0,head_of_household,0.0765,428,7000,0.0765
2007,0,married_joint,0.0765,428,9000,0.0765
2007,1,single,0.34,2853,15390,0.1598
2007,1,head_of_household,0.34,2853,15390,0.1598
2007,1,married_joint,0.34,2853,17390,0.1598
2007,2,single,0.40,4716,15390,0.2106
2007,2,head_of_household,0.40,4716,15390,0.2106
2007,2,married_joint,0.40,4716,17390,0.2106
2007,3,single,0.40,4716,15390,0.2106
2007,3,head_of_household,0.40,4716,15390,0.2106
2007,3,married_joint,0.40,4716,17390,0.2106
2006,0,single,0.0765,412,6740,0.0765
2006,0,head_of_household,0.0765,412,6740,0.0765
2006,0,married_joint,0.0765,412,8750,0.0765
2006,1,single,0.34,2747,14810,0.1598
2006,1,head_of_household,0.34,2747,14810,0.1598
2006,1,married_joint,0.34,2747,16850,0.1598
2006,2,single,0.40,4536,14810,0.2106
2006,2,head_of_household,0.40,4536,14810,0.2106
2006,2,married_joint,0.40,4536,16810,0.2106
2006,3,single,0.40,4536,14810,0.2106
2006,3,head_of_household,0.40,4536,14810,0.2106
2006,3,married_joint,0.40,4536,16810,0.2106
2005,0,single,0.0765,399,6550,0.0765
2005,0,head_of_household,0.0765,399,6550,0.0765
2005,0,married_joint,0.0765,399,8550,0.0765
2005,1,single,0.34,2662,14370,0.1598
2005,1,head_of_household,0.34,2662,14370,0.1598
2005,1,married_joint,0.34,2662,16400,0.1598
2005,2,single,0.40,4400,14370,0.2106
2005,2,head_of_household,0.40,4400,14370,0.2106
2005,2,married_joint,0.40,4400,16370,0.2106
2005,3,single,0.40,4400,14370,0.2106
2005,3,head_of_household,0.40,4400,14370,0.2106
2005,3,married_joint,0.40,4400,16370,0.2106
2004,0,single,0.0765,390,6390,0.0765
2004,0,head_of_household,0.0765,390,6390,0.0765
2004,0,married_joint,0.0765,390,7390,0.0765
2004,1,single,0.34,2604,14040,0.1598
2004,1,head_of_household,0.34,2604,14040,0.1598
2004,1,married_joint,0.34,2604,15040,0.1598
2004,2,single,0.40,4300,14040,0.2106
2004,2,head_of_household,0.40,4300,14040,0.2106
2004,2,married_joint,0.40,4300,15040,0.2106
2004,3,single,0.40,4300,14040,0.2106
2004,3,head_of_household,0.40,4300,14040,0.2106
2004,3,married_joint,0.40,4300,15040,0.2106
2003,0,single,0.0765,382,6240,0.0765
2003,0,head_of_household,0.0765,382,6240,0.0765
2003,0,married_joint,0.0765,382,7240,0.0765
2003,1,single,0.34,2547,13730,0.1598
2003,1,head_of_household,0.34,2547,13730,0.1598
2003,1,married_joint,0.34,2547,14730,0.1598
2003,2,single,0.40,4204,13730,0.2106
2003,2,head_of_household,0.40,4204,13730,0.2106
2003,2,married_joint,0.40,4204,14730,0.2106
2003,3,single,0.40,4204,13730,0.2106
2003,3,head_of_household,0.40,4204,13730,0.2106
2003,3,married_joint,0.40,4204,14730,0.2106
2001,0,single,0.0765,364,5950,0.0765
2001,0,head_of_household,0.0765,364,5950,0.0765
2001,0,married_joint,0.0765,364,5950,0.0765
2001,1,single,0.34,2428,13090,0.1598
2001,1,head_of_household,0.34,2428,13090,0.1598
2001,1,married_joint,0.34,2428,13090,0.1598
2001,2,single,0.40,4008,13090,0.2106
2001,2,head_of_household,0.40,4008,13090,0.2106
2001,2,married_joint,0.40,4008,13090,0.2106
2001,3,single,0.40,4008,13090,0.2106
2001,3,head_of_household,0.40,4008,13090,0.2106
2001,3,married_joint,0.40,4008,13090,0.2106
2002,0,single,0.0765,376,6050,0.0765
2002,0,head_of_household,0.0765,376,6050,0.0765
2002,0,married_joint,0.0765,376,7050,0.0765
2002,1,single,0.34,2506,13520,0.1598
2002,1,head_of_household,0.34,2506,13520,0.1598
2002,1,married_joint,0.34,2506,14520,0.1598
2002,2,single,0.40,4140,13520,0.2106
2002,2,head_of_household,0.40,4140,13520,0.2106
2002,2,married_joint,0.40,4140,14520,0.2106
2002,3,single,0.40,4140,13520,0.2106
2002,3,head_of_household,0.40,4140,13520,0.2106
2002,3,married_joint,0.40,4140,14520,0.2106
1997,0,single,0.0765,332,5450,0.0765
1997,0,head_of_household,0.0765,332,5450,0.0765
1997,0,married_joint,0.0765,332,5450,0.0765
1997,1,single,0.34,2210,11930,0.1598
1997,1,head_of_household,0.34,2210,11930,0.1598
1997,1,married_joint,0.34,2210,11950,0.1598
1997,2,single,0.40,3656,11930,0.2106
1997,2,head_of_household,0.40,3656,11930,0.2106
1997,2,married_joint,0.40,3656,11950,0.2106
1997,3,single,0.40,3656,11930,0.2106
1997,3,head_of_household,0.40,3656,11930,0.2106
1997,3,married_joint,0.40,3656,11950,0.2106
1998,0,single,0.0765,341,5600,0.0765
1998,0,head_of_household,0.0765,341,5600,0.0765
1998,0,married_joint,0.0765,341,5600,0.0765
1998,1,single,0.34,2271,12260,0.1598
1998,1,head_of_household,0.34,2271,12260,0.1598
1998,1,married_joint,0.34,2271,12300,0.1598
1998,2,single,0.40,3756,12260,0.2106
1998,2,head_of_household,0.40,3756,12260,0.2106
1998,2,married_joint,0.40,3756,12300,0.2106
1998,3,single,0.40,3756,12260,0.2106
1998,3,head_of_household,0.40,3756,12260,0.2106
1998,3,married_joint,0.40,3756,12300,0.2106
1999,0,single,0.0765,347,5700,0.0765
1999,0,head_of_household,0.0765,347,5700,0.0765
1999,0,married_joint,0.0765,347,5700,0.0765
1999,1,single,0.34,2312,12460,0.1598
1999,1,head_of_household,0.34,2312,12460,0.1598
1999,1,married_joint,0.34,2312,12500,0.1598
1999,2,single,0.40,3816,12460,0.2106
1999,2,head_of_household,0.40,3816,12460,0.2106
1999,2,married_joint,0.40,3816,12500,0.2106
1999,3,single,0.40,3816,12460,0.2106
1999,3,head_of_household,0.40,3816,12460,0.2106
1999,3,married_joint,0.40,3816,12500,0.2106
2000,0,single,0.0765,353,5800,0.0765
2000,0,head_of_household,0.0765,353,5800,0.0765
2000,0,married_joint,0.0765,353,5800,0.0765
2000,1,single,0.34,2353,12690,0.1598
2000,1,head_of_household,0.34,2353,12690,0.1598
2000,1,married_joint,0.34,2353,12700,0.1598
2000,2,single,0.40,3888,12690,0.2106
2000,2,head_of_household,0.40,3888,12690,0.2106
2000,2,married_joint,0.40,3888,12700,0.2106
2000,3,single,0.40,3888,12690,0.2106
2000,3,head_of_household,0.40,3888,12690,0.2106
2000,3,married_joint,0.40,3888,12700,0.2106
1994,0,single,0.0765,306,5000,0.0765
1994,0,head_of_household,0.0765,306,5000,0.0765
1994,0,married_joint,0.0765,306,5000,0.0765
1994,1,single,0.26,2038,11000,0.1598
1994,1,head_of_household,0.26,2038,11000,0.1598
1994,1,married_joint,0.26,2038,11000,0.1598
1994,2,single,0.30,2528,11000,0.1768
1994,2,head_of_household,0.30,2528,11000,0.1768
1994,2,married_joint,0.30,2528,11000,0.1768
1994,3,single,0.30,2528,11000,0.1768
1994,3,head_of_household,0.30,2528,11000,0.1768
1994,3,married_joint,0.30,2528,11000,0.1768
1995,0,single,0.0765,314,5150,0.0765
1995,0,head_of_household,0.0765,314,5150,0.0765
1995,0,married_joint,0.0765,314,5150,0.0765
1995,1,single,0.34,2094,11290,0.1598
1995,1,head_of_household,0.34,2094,11290,0.1598
1995,1,married_joint,0.34,2094,11300,0.1598
1995,2,single,0.36,3110,11290,0.2022
1995,2,head_of_household,0.36,3110,11290,0.2022
1995,2,married_joint,0.36,3110,11300,0.2022
1995,3,single,0.36,3110,11290,0.2022
1995,3,head_of_household,0.36,3110,11290,0.2022
1995,3,married_joint,0.36,3110,11300,0.2022
1996,0,single,0.0765,323,5300,0.0765
1996,0,head_of_household,0.0765,323,5300,0.0765
1996,0,married_joint,0.0765,323,5300,0.0765
1996,1,single,0.34,2152,11610,0.1598
1996,1,head_of_household,0.34,2152,11610,0.1598
1996,1,married_joint,0.34,2152,11650,0.1598
1996,2,single,0.40,3556,11610,0.2106
1996,2,head_of_household,0.40,3556,11610,0.2106
1996,2,married_joint,0.40,3556,11650,0.2106
1996,3,single,0.40,3556,11610,0.2106
1996,3,head_of_household,0.40,3556,11610,0.2106
1996,3,married_joint,0.40,3556,11650,0.2106
1993,0,single,0.0,0,0,0.0
1993,0,head_of_household,0.0,0,0,0.0
1993,0,married_joint,0.0,0,0,0.0
1993,1,single,0.185,1434,12200,0.1321
1993,1,head_of_household,0.185,1434,12200,0.1321
1993,1,married_joint,0.185,1434,12200,0.1321
1993,2,single,0.195,1511,12200,0.1393
1993,2,head_of_household,0.195,1511,12200,0.1393
1993,2,married_joint,0.195,1511,12200,0.1393
1993,3,single,0.195,1511,12200,0.1393
1993,3,head_of_household,0.195,1511,12200,0.1393
1993,3,married_joint,0.195,1511,12200,0.1393
1991,0,single,0.0,0,0,0.0
1991,0,head_of_household,0.0,0,0,0.0
1991,0,married_joint,0.0,0,0,0.0
1991,1,single,0.167,1192,11250,0.1193
1991,1,head_of_household,0.167,1192,11250,0.1193
1991,1,married_joint,0.167,1192,11250,0.1193
1991,2,single,0.1703,1235,11250,0.1236
1991,2,head_of_household,0.1703,1235,11250,0.1236
1991,2,married_joint,0.1703,1235,11250,0.1236
1991,3,single,0.1703,1235,11250,0.1236
1991,3,head_of_household,0.1703,1235,11250,0.1236
1991,3,married_joint,0.1703,1235,11250,0.1236
1992,0,single,0.0,0,0,0.0
1992,0,head_of_household,0.0,0,0,0.0
1992,0,married_joint,0.0,0,0,0.0
1992,1,single,0.176,1324,11840,0.1257
1992,1,head_of_household,0.176,1324,11840,0.1257
1992,1,married_joint,0.176,1324,11840,0.1257
1992,2,single,0.184,1384,11840,0.1314
1992,2,head_of_household,0.184,1384,11840,0.1314
1992,2,married_joint,0.184,1384,11840,0.1314
1992,3,single,0.184,1384,11840,0.1314
1992,3,head_of_household,0.184,1384,11840,0.1314
1992,3,married_joint,0.184,1384,11840,0.1314
1988,0,single,0.0,0,0,0.0
1988,0,head_of_household,0.0,0,0,0.0
1988,0,married_joint,0.0,0,0,0.0
1988,1,single,0.14,874,9840,0.10
1988,1,head_of_household,0.14,874,9840,0.10
1988,1,married_joint,0.14,874,9840,0.10
1988,2,single,0.14,874,9840,0.10
1988,2,head_of_household,0.14,874,9840,0.10
1988,2,married_joint,0.14,874,9840,0.10
1988,3,single,0.14,874,9840,0.10
1988,3,head_of_household,0.14,874,9840,0.10
1988,3,married_joint,0.14,874,9840,0.10
1989,0,single,0.0,0,0,0.0
1989,0,head_of_household,0.0,0,0,0.0
1989,0,married_joint,0.0,0,0,0.0
1989,1,single,0.14,910,10240,0.10
1989,1,head_of_household,0.14,910,10240,0.10
1989,1,married_joint,0.14,910,10240,0.10
1989,2,single,0.14,910,10240,0.10
1989,2,head_of_household,0.14,910,10240,0.10
1989,2,married_joint,0.14,910,10240,0.10
1989,3,single,0.14,910,10240,0.10
1989,3,head_of_household,0.14,910,10240,0.10
1989,3,married_joint,0.14,910,10240,0.10
1990,0,single,0.0,0,0,0.0
1990,0,head_of_household,0.0,0,0,0.0
1990,0,married_joint,0.0,0,0,0.0
1990,1,single,0.14,953,10730,0.10
1990,1,head_of_household,0.14,953,10730,0.10
1990,1,married_joint,0.14,953,10730,0.10
1990,2,single,0.14,953,10730,0.10
1990,2,head_of_household,0.14,953,10730,0.10
1990,2,married_joint,0.14,953,10730,0.10
1990,3,single,0.14,953,10730,0.10
1990,3,head_of_household,0.14,953,10730,0.10
1990,3,married_joint,0.14,953,10730,0.10
1987,0,single,0.0,0,0,0.0
1987,0,head_of_household,0.0,0,0,0.0
1987,0,married_joint,0.0,0,0,0.0
1987,1,single,0.14,851,6920,0.10
1987,1,head_of_household,0.14,851,6920,0.10
1987,1,married_joint,0.14,851,6920,0.10
1987,2,single,0.14,851,6920,0.10
1987,2,head_of_household,0.14,851,6920,0.10
1987,2,married_joint,0.14,851,6920,0.10
1987,3,single,0.14,851,6920,0.10
1987,3,head_of_household,0.14,851,6920,0.10
1987,3,married_joint,0.14,851,6920,0.10
2024,0,single,0.0765,632,10330,0.0765
2024,0,head_of_household,0.0765,632,10330,0.0765
2024,0,married_joint,0.0765,632,17250,0.0765
2024,1,single,0.34,4213,22720,0.1598
2024,1,head_of_household,0.34,4213,22720,0.1598
2024,1,married_joint,0.34,4213,29640,0.1598
2024,2,single,0.40,6960,22720,0.2106
2024,2,head_of_household,0.40,6960,22720,0.2106
2024,2,married_joint,0.40,6960,29640,0.2106
2024,3,single,0.45,7830,22720,0.2106
2024,3,head_of_household,0.45,7830,22720,0.2106
2024,3,married_joint,0.45,7830,29640,0.2106
2025,0,single,0.0765,649,10620,0.0765
2025,0,head_of_household,0.0765,649,10620,0.0765
2025,0,married_joint,0.0765,649,17730,0.0765
2025,1,single,0.34,4328,23350,0.1598
2025,1,head_of_household,0.34,4328,23350,0.1598
2025,1,married_joint,0.34,4328,30470,0.1598
2025,2,single,0.40,7152,23350,0.2106
2025,2,head_of_household,0.40,7152,23350,0.2106
2025,2,married_joint,0.40,7152,30470,0.2106
2025,3,single,0.45,8046,23350,0.2106
2025,3,head_of_household,0.45,8046,23350,0.2106
2025,3,married_joint,0.45,8046,30470,0.2106
